expr,time
sd3(x),1020026
kurt5(x),7100256
mean(x),246201
sum(x),78633
skewness(x),3285726
sum(x),75977
dumbk(x),7243631
kurt5(x),7081222
skewness(x),3313883
mean(x),155266
skewness(x),3304575
kurt5(x),7075642
sum(x),76267
sum(x),75792
sd(x),299727
skewness(x),3314255
sd(x),293456
skewness(x),3340771
sd3(x),968410
kurt5(x),7074609
mean(x),158122
mean(x),157245
sd3(x),984681
dumbk(x),10413438
sd(x),292925
dumbk(x),7146575
sd(x),291164
sum(x),76320
sd(x),290965
dumbk(x),7144868
kurtosis(x),3323679
mean(x),155782
kurtosis(x),3299021
skewness(x),3348636
sum(x),76443
sd(x),300965
sum(x),76064
skewness(x),3324944
kurtosis(x),3330823
mean(x),154803
sd3(x),970051
kurtosis(x),3305344
mean(x),154961
kurt5(x),7131311
mean(x),156525
skewness(x),3334364
kurt5(x),7120471
sd3(x),957340
dumbk(x),7127799
sd3(x),960763
mean(x),154650
kurt5(x),7032139
mean(x),154272
kurt5(x),7078279
skew4(x),6051925
sd3(x),957118
skewness(x),3310561
dumbk(x),7077752
sd3(x),961392
sd(x),291561
kurt5(x),7077332
skew4(x),6024251
sd3(x),958966
kurtosis(x),3313020
skew4(x),6007408
sum(x),76169
kurt5(x),7074498
mean(x),155276
skew4(x),6005717
sd3(x),958444
mean(x),154349
kurt5(x),7082483
kurtosis(x),3307856
sd3(x),959192
skew4(x),6008094
kurtosis(x),3312142
sd3(x),958235
skewness(x),3318857
dumbk(x),7083331
kurt5(x),7088346
sd3(x),961172
dumbk(x),7057910
skewness(x),3302817
sd(x),293708
sum(x),76762
kurtosis(x),3305279
kurtosis(x),3311475
dumbk(x),7070924
sum(x),76357
kurtosis(x),3308780
dumbk(x),7074938
skew4(x),6020686
kurt5(x),7078486
skewness(x),3303337
skew4(x),6009414
skewness(x),3305844
mean(x),154885
sd(x),298451
sd3(x),959302
sd3(x),956210
skew4(x),6007566
dumbk(x),7061388
kurt5(x),7075962
dumbk(x),7062892
dumbk(x),7065528
sd3(x),964508
kurt5(x),7077352
sd3(x),956336
kurt5(x),7071697
kurt5(x),7069591
sd(x),291526
mean(x),154643
dumbk(x),7131670
skewness(x),3303260
kurt5(x),7119514
sd3(x),957130
skewness(x),3308863
sum(x),76235
sum(x),75826
kurtosis(x),3335761
sd3(x),960161
skew4(x),6152933
mean(x),159165
kurt5(x),7082203
sd(x),305758
sd3(x),957760
dumbk(x),7085599
dumbk(x),7068438
skewness(x),3298970
dumbk(x),7084394
sd(x),291385
sd(x),290166
dumbk(x),7062402
dumbk(x),7061059
skewness(x),3309447
skewness(x),3305384
kurtosis(x),3298498
skewness(x),3302213
sum(x),76355
mean(x),155076
sd3(x),972322
sum(x),75988
sd(x),304819
skew4(x),6007384
sum(x),75934
skewness(x),3304282
kurtosis(x),3309694
skew4(x),6030550
sd(x),297285
sum(x),76121
sum(x),75798
kurt5(x),7076201
dumbk(x),7068860
sd(x),290754
kurt5(x),7079431
sd(x),287139
kurtosis(x),3308485
kurtosis(x),3307284
mean(x),155075
kurtosis(x),3305443
kurt5(x),7079721
skewness(x),3311863
dumbk(x),7069062
dumbk(x),7063732
skew4(x),6015019
sd3(x),958487
skew4(x),6010802
dumbk(x),7061673
skewness(x),3305014
mean(x),154840
mean(x),154190
mean(x),153976
kurtosis(x),3307446
skewness(x),3312769
sum(x),76168
sd3(x),964934
dumbk(x),7080852
sd3(x),959889
sd(x),290716
sum(x),76224
sd(x),293484
sd3(x),956957
sd3(x),956080
kurt5(x),7072339
kurtosis(x),3306870
skew4(x),6036770
sum(x),76115
mean(x),155752
skew4(x),6163395
sd3(x),956697
dumbk(x),7073012
sd(x),290419
sum(x),76205
sum(x),75956
mean(x),154359
kurt5(x),7077545
dumbk(x),7064843
sd3(x),963214
kurt5(x),7075101
sd(x),293218
kurt5(x),7072574
dumbk(x),7067236
sum(x),76141
skewness(x),3303391
skew4(x),6013358
sd3(x),959165
skewness(x),3298458
skew4(x),6009903
sum(x),76085
sd(x),296008
sd3(x),957107
sum(x),75967
kurt5(x),7077799
mean(x),155414
skew4(x),6007649
sd3(x),956756
kurt5(x),7079691
sd3(x),956895
sum(x),76105
sd(x),291673
skewness(x),3312748
mean(x),154667
sum(x),75966
kurt5(x),7076566
skew4(x),6007021
sum(x),75959
kurtosis(x),3307207
skew4(x),6008432
sum(x),76109
kurtosis(x),3308725
dumbk(x),7078574
kurt5(x),8071297
mean(x),160720
kurtosis(x),3349821
skew4(x),6014051
dumbk(x),7124801
sd(x),292507
skewness(x),3342403
sum(x),76095
sum(x),75907
mean(x),154967
sd3(x),965452
kurt5(x),7102846
sd3(x),960893
skewness(x),3306795
sum(x),75953
dumbk(x),7112595
sd(x),291275
sd3(x),961611
skewness(x),3312360
kurtosis(x),3309498
kurtosis(x),3312669
skewness(x),3311687
dumbk(x),7087148
mean(x),154990
sd3(x),966084
dumbk(x),7062974
skew4(x),6007801
kurt5(x),7098037
skewness(x),3307018
skewness(x),3299161
sum(x),78593
mean(x),155449
kurt5(x),7071711
dumbk(x),7079536
sum(x),76067
mean(x),154209
dumbk(x),7061928
sd3(x),965032
sum(x),76093
skewness(x),3312137
sd3(x),958682
kurtosis(x),3323107
kurt5(x),7072603
dumbk(x),7074763
kurtosis(x),13800593
mean(x),156581
kurt5(x),7087215
mean(x),155161
kurt5(x),7074798
kurtosis(x),3290482
kurt5(x),7208239
kurtosis(x),3288973
mean(x),154930
skewness(x),3294417
kurtosis(x),3299368
sd3(x),962392
dumbk(x),7077704
sum(x),76476
dumbk(x),7070370
sd(x),291411
dumbk(x),7063193
sd3(x),972211
skew4(x),6100297
sum(x),76327
mean(x),154851
skew4(x),6009771
kurt5(x),7071879
sum(x),76039
sd3(x),956719
skewness(x),3306258
sd(x),293796
skew4(x),6008033
sum(x),76120
mean(x),155236
kurtosis(x),3308330
kurtosis(x),3331961
kurtosis(x),3305296
sd3(x),962042
mean(x),154801
sd(x),301130
mean(x),154332
skew4(x),6010336
mean(x),154296
skewness(x),3306345
dumbk(x),7061659
skewness(x),3304820
sum(x),76234
sd3(x),963241
sum(x),76119
kurt5(x),7073985
sum(x),75889
skew4(x),6009394
skewness(x),3313795
skewness(x),3299426
mean(x),154601
sum(x),76098
mean(x),154084
skew4(x),6012188
sd(x),301166
mean(x),155068
skewness(x),3308765
kurtosis(x),3306056
skew4(x),6010125
sd(x),297087
mean(x),154947
sum(x),76045
sum(x),75844
sd3(x),961356
sd(x),291312
sum(x),75952
kurtosis(x),3304289
skew4(x),6007590
mean(x),154862
kurt5(x),7033542
skewness(x),3501221
sd3(x),961018
skewness(x),3313080
sd3(x),958842
sd(x),302621
dumbk(x),7142961
sd(x),287170
mean(x),154736
skew4(x),6037755
skewness(x),3319960
sd(x),293499
mean(x),154878
mean(x),154102
sd3(x),963136
sd(x),291061
dumbk(x),7067588
skewness(x),3299761
dumbk(x),7064094
skewness(x),3310877
skewness(x),3302753
kurt5(x),7084213
kurtosis(x),3303673
skew4(x),6011297
sd3(x),958302
sd(x),300862
skewness(x),3305329
dumbk(x),7094533
skew4(x),6014392
kurtosis(x),3305211
mean(x),154691
sd(x),293576
skew4(x),6009088
skewness(x),3306107
sum(x),76367
kurtosis(x),3305337
mean(x),154507
sum(x),75983
sum(x),75903
skew4(x),6010344
dumbk(x),7076047
sd(x),291203
skewness(x),3303747
skewness(x),3303540
skewness(x),3306143
skewness(x),3310552
sd(x),301757
kurt5(x),7082449
sum(x),76385
mean(x),155408
skew4(x),6009225
kurt5(x),7077291
sd3(x),960349
sd3(x),956249
skew4(x),6005448
kurtosis(x),3314388
skewness(x),3308347
kurt5(x),7076767
sum(x),76075
kurtosis(x),3300416
sd(x),301822
kurtosis(x),3299920
dumbk(x),7074739
kurt5(x),7084468
skew4(x),6008449
sum(x),76148
mean(x),154778
mean(x),154251
sum(x),75909
dumbk(x),7063281
skew4(x),6011471
kurt5(x),7074107
skewness(x),3306936
dumbk(x),7075231
kurt5(x),7080727
mean(x),154607
dumbk(x),7071381
sd3(x),961544
skew4(x),6016089
skewness(x),3301968
kurt5(x),7076117
mean(x),155288
kurtosis(x),3304221
kurtosis(x),3303540
dumbk(x),7076775
dumbk(x),7054982
sd3(x),969611
skewness(x),3311735
sum(x),76122
skew4(x),6012027
dumbk(x),7070559
skew4(x),6011069
sd3(x),957234
sum(x),77883
kurt5(x),7086607
sum(x),76284
skew4(x),6009285
kurt5(x),7072591
skewness(x),3300345
dumbk(x),7253492
dumbk(x),7085367
sd(x),290926
kurt5(x),7090085
sd(x),292474
kurtosis(x),3330699
kurtosis(x),3303912
kurtosis(x),3304808
sd(x),299328
sd3(x),970259
sum(x),76639
kurt5(x),7073741
sd(x),295285
skewness(x),3306048
sum(x),76262
kurt5(x),7082615
skewness(x),3309608
kurtosis(x),3308459
mean(x),155158
kurt5(x),7078919
dumbk(x),7074907
dumbk(x),7065784
kurtosis(x),3309318
sd(x),292705
skewness(x),3308465
kurtosis(x),3311101
kurtosis(x),3305579
mean(x),155013
kurtosis(x),3306363
skew4(x),6017354
sum(x),76385
sd(x),304647
sum(x),75932
sd(x),290251
sd3(x),958547
skew4(x),6005884
sum(x),76042
skewness(x),3318533
mean(x),154937
sd(x),291992
kurtosis(x),3305165
dumbk(x),7069901
mean(x),154428
kurtosis(x),3304438
kurt5(x),7083899
sd3(x),958204
sd3(x),958702
sum(x),76281
skewness(x),3304244
skewness(x),3307217
sd3(x),959217
kurtosis(x),3311030
sum(x),76012
sum(x),75912
sum(x),75845
sd3(x),960979
mean(x),155435
kurtosis(x),3304327
kurtosis(x),3302884
dumbk(x),7086638
mean(x),154246
kurt5(x),7083327
sum(x),76212
skew4(x),6004116
skew4(x),6005041
skew4(x),6002709
kurt5(x),7073356
sd3(x),957109
kurtosis(x),3311565
dumbk(x),7070236
sd(x),290523
kurtosis(x),3308201
sd3(x),963659
sd3(x),956198
dumbk(x),7096848
kurt5(x),7104055
sd3(x),956770
skewness(x),3307834
skew4(x),6008373
skew4(x),6003679
sd(x),294170
skew4(x),6005558
sum(x),76274
skewness(x),3304066
sd3(x),963284
mean(x),157735
sd3(x),957571
skewness(x),3308957
sd(x),300044
sd(x),290743
sum(x),76479
sd3(x),958312
sd3(x),956246
sd(x),290284
skewness(x),3304444
skew4(x),6009507
dumbk(x),7074057
sum(x),76305
dumbk(x),7060545
skew4(x),6067040
sum(x),76161
dumbk(x),7072426
skew4(x),6006014
dumbk(x),7063973
sd3(x),961698
sd(x),290840
mean(x),154500
skew4(x),6010976
sd(x),290766
dumbk(x),7061954
sum(x),76282
sd(x),290762
sd(x),290588
skewness(x),3315977
skew4(x),6008275
kurt5(x),8028640
skew4(x),6267095
skewness(x),3327786
mean(x),160094
skewness(x),3305409
kurt5(x),7103121
skew4(x),6031656
sd(x),309761
sd(x),292182
mean(x),156107
sum(x),76411
dumbk(x),17530078
kurtosis(x),3297816
kurtosis(x),3299755
sd(x),297731
sd(x),290408
sum(x),76215
sd3(x),968988
kurt5(x),7073192
sd3(x),956564
sd3(x),958231
sum(x),76094
kurtosis(x),3300145
sd(x),293084
skew4(x),6011144
mean(x),155425
sum(x),76252
kurtosis(x),3357583
kurtosis(x),3302326
sum(x),76056
sd(x),295865
sd(x),290601
kurtosis(x),3304436
mean(x),154915
kurtosis(x),3300231
mean(x),154864
mean(x),154154
skewness(x),3304718
kurt5(x),7083069
kurtosis(x),3306840
skewness(x),3304697
sum(x),76033
sd(x),305208
mean(x),155214
kurt5(x),7098373
sd(x),291862
sd(x),290232
sd(x),290725
sd3(x),958435
kurt5(x),7074723
sd3(x),956561
skew4(x),6008276
kurt5(x),7072126
kurtosis(x),3316055
skew4(x),6012540
skew4(x),6004925
skewness(x),3308983
dumbk(x),7074001
sum(x),76365
kurt5(x),7079279
skew4(x),6006706
kurtosis(x),3306868
skew4(x),6011061
sd3(x),957909
sd3(x),956191
kurt5(x),7186111
kurtosis(x),3307321
skew4(x),6008210
kurtosis(x),3307476
skew4(x),6017872
kurt5(x),7075069
sd(x),303071
kurtosis(x),3313112
skew4(x),6009246
mean(x),155398
kurt5(x),7072333
sd3(x),959149
skewness(x),3309206
skewness(x),3299258
sum(x),76271
dumbk(x),7074408
kurt5(x),7083143
sd(x),291678
sd3(x),958080
skewness(x),3312505
kurt5(x),7075697
dumbk(x),7066703
skew4(x),6008793
skewness(x),3309331
skewness(x),3314181
mean(x),154820
dumbk(x),7070350
dumbk(x),7075410
dumbk(x),7064907
skew4(x),6018200
sum(x),76387
sd3(x),958408
skewness(x),3308552
sum(x),75992
dumbk(x),7067735
kurtosis(x),3303892
skewness(x),3310062
skewness(x),3493533
kurtosis(x),3318459
kurtosis(x),3311944
kurt5(x),7114033
mean(x),156360
sd(x),313417
skew4(x),6008851
skew4(x),6041895
kurtosis(x),3307404
dumbk(x),7090206
skewness(x),3309630
sd(x),294881
dumbk(x),7081110
sd(x),291015
kurt5(x),7085340
skew4(x),6042551
skewness(x),3321664
mean(x),155188
sd(x),294056
skew4(x),6021612
dumbk(x),7065260
dumbk(x),7069928
kurtosis(x),3310749
mean(x),154777
skewness(x),3304882
dumbk(x),7068942
sd(x),291302
dumbk(x),7061100
sum(x),76283
kurtosis(x),3316520
kurt5(x),7082651
sd(x),293614
skew4(x),6029491
sd3(x),958219
kurt5(x),7086786
kurtosis(x),3304297
sd3(x),958569
kurtosis(x),3304629
mean(x),155311
mean(x),154177
sd(x),295202
sd3(x),958437
mean(x),154283
mean(x),153984
sum(x),76205
sd(x),291007
sum(x),75906
kurtosis(x),3306224
kurt5(x),7074356
mean(x),154837
dumbk(x),7078147
skew4(x),6006234
mean(x),154525
sum(x),76120
dumbk(x),7061373
dumbk(x),7059316
kurtosis(x),3300563
mean(x),157187
dumbk(x),7059689
dumbk(x),7074167
mean(x),154452
skew4(x),6015568
sum(x),76488
sd3(x),958331
sd(x),291020
dumbk(x),7059059
skew4(x),6005512
sd(x),290631
sd(x),290633
kurtosis(x),3306291
sd(x),292193
sd3(x),959495
kurtosis(x),3306631
skewness(x),3311876
skew4(x),6008512
kurtosis(x),3298891
kurtosis(x),3315124
sd(x),302714
mean(x),155125
dumbk(x),7154151
kurt5(x),7084753
kurtosis(x),3308994
kurtosis(x),3305058
skew4(x),6009464
sd(x),296791
kurt5(x),7087157
sd(x),291248
skew4(x),6031582
sd(x),291258
dumbk(x),7086716
sd(x),290377
sd(x),292910
kurtosis(x),3299903
kurtosis(x),3309194
kurt5(x),7092542
kurtosis(x),3310049
dumbk(x),7091617
dumbk(x),7065666
skew4(x),6016783
skew4(x),6147644
skewness(x),3323696
sum(x),76310
sd3(x),960734
kurt5(x),7077524
skew4(x),6010473
kurt5(x),7024604
mean(x),158802
kurt5(x),7059124
skew4(x),6005636
dumbk(x),7086153
kurt5(x),6993395
sd3(x),959778
sum(x),76156
kurtosis(x),3303585
sd3(x),960698
sum(x),76078
mean(x),155172
mean(x),154041
sd3(x),956812
sum(x),75904
skew4(x),6006752
dumbk(x),7071064
sum(x),76167
dumbk(x),7064824
skewness(x),3309390
mean(x),154913
kurt5(x),7080150
skewness(x),3314215
kurtosis(x),3304037
kurtosis(x),3309212
skew4(x),6013604
skew4(x),6002737
sd3(x),958125
sum(x),76161
dumbk(x),7077292
dumbk(x),7064296
dumbk(x),7062059
sum(x),76315
mean(x),154299
kurtosis(x),3306446
sd3(x),966341
dumbk(x),7077086
skew4(x),6008727
mean(x),154614
skewness(x),3306285
kurt5(x),7076751
sd(x),293781
kurt5(x),7070598
mean(x),154982
sum(x),76181
mean(x),154115
sd(x),290640
sd3(x),958093
skewness(x),3315954
sum(x),75987
skew4(x),6005433
sd3(x),958894
mean(x),155271
mean(x),154263
kurtosis(x),3302985
sum(x),76105
kurt5(x),7071458
sum(x),76080
skewness(x),3314273
mean(x),154491
sum(x),75938
sd(x),299224
sd(x),290973
sd(x),290348
skewness(x),3302687
sd3(x),960450
sum(x),76033
skewness(x),3306776
skewness(x),3308743
mean(x),154543
kurt5(x),7076901
skew4(x),6006347
sd3(x),958600
dumbk(x),7095472
mean(x),157305
kurtosis(x),3302137
kurt5(x),7076758
skew4(x),6005413
kurt5(x),7067755
kurt5(x),7068263
kurt5(x),7071008
sd(x),293433
dumbk(x),17559788
sd(x),292679
kurt5(x),7086387
skew4(x),6009980
sd3(x),957784
sd3(x),956595
kurtosis(x),3293187
kurt5(x),7210955
kurt5(x),7075409
mean(x),155590
mean(x),154075
skew4(x),6029571
dumbk(x),7038499
skewness(x),3314887
kurt5(x),8034145
sd3(x),961710
mean(x),160519
sd(x),304461
kurtosis(x),3320572
skew4(x),6013082
mean(x),158670
sd3(x),957712
skewness(x),3309906
sd3(x),958787
kurtosis(x),3306108
sd3(x),958379
skew4(x),6013931
mean(x),155748
skew4(x),6006811
skew4(x),6003876
kurt5(x),7077890
skewness(x),3307288
skew4(x),6010333
skewness(x),3305976
sd3(x),961359
mean(x),155082
skewness(x),3305774
sum(x),76270
skew4(x),6009302
skewness(x),3304955
sd(x),310903
kurt5(x),7078189
dumbk(x),7063999
sd(x),290933
kurt5(x),7078932
kurtosis(x),3310552
kurtosis(x),3304551
kurtosis(x),3305068
kurt5(x),7191051
sd(x),298987
skew4(x),6007418
sd(x),291211
dumbk(x),7092122
"slow_sd(x, w)",1312049
"sd3(x, wts = w)",944981
"slow_sd(x, w)",6381876
"sd3(x, wts = w)",949844
"cent_moments(x, max_order = 4, wts = w, na_rm = TRUE, normalize_wts = FALSE)",6966759
"slow_sd(x, w)",1750268
"slow_sd(x, w)",1747860
"sd3(x, wts = w)",947610
"slow_sd(x, w)",1744733
"slow_sd(x, w)",1745654
"sd3(x, wts = w)",948769
"sd3(x, wts = w)",931371
"cent_moments(x, max_order = 4, wts = w, na_rm = TRUE, normalize_wts = FALSE)",6933097
"cent_moments(x, max_order = 4, wts = w, na_rm = TRUE, normalize_wts = FALSE)",6915748
"sd3(x, wts = w)",933055
"sd3(x, wts = w)",930740
"sd3(x, wts = w)",930962
"sd3(x, wts = w)",930678
"slow_sd(x, w)",1747743
"cent_moments(x, max_order = 4, wts = w, na_rm = TRUE, normalize_wts = FALSE)",6930197
"cent_moments(x, max_order = 4, wts = w, na_rm = TRUE, normalize_wts = FALSE)",6930386
"slow_sd(x, w)",1738313
"sd3(x, wts = w)",937189
"sd3(x, wts = w)",930754
"sd3(x, wts = w)",930680
"slow_sd(x, w)",1746198
"slow_sd(x, w)",1742944
"slow_sd(x, w)",1756511
"sd3(x, wts = w)",942319
"slow_sd(x, w)",1744862
"slow_sd(x, w)",1749830
"slow_sd(x, w)",1743428
"sd3(x, wts = w)",942859
"cent_moments(x, max_order = 4, wts = w, na_rm = TRUE, normalize_wts = FALSE)",6939882
"cent_moments(x, max_order = 4, wts = w, na_rm = TRUE, normalize_wts = FALSE)",6932936
"slow_sd(x, w)",1741605
"sd3(x, wts = w)",940318
"sd3(x, wts = w)",931102
"sd3(x, wts = w)",930943
"cent_moments(x, max_order = 4, wts = w, na_rm = TRUE, normalize_wts = FALSE)",6934380
"sd3(x, wts = w)",931271
"slow_sd(x, w)",1744111
"sd3(x, wts = w)",940574
"slow_sd(x, w)",1742127
"cent_moments(x, max_order = 4, wts = w, na_rm = TRUE, normalize_wts = FALSE)",6945695
"sd3(x, wts = w)",931909
"cent_moments(x, max_order = 4, wts = w, na_rm = TRUE, normalize_wts = FALSE)",6933551
"sd3(x, wts = w)",931290
"sd3(x, wts = w)",930896
"sd3(x, wts = w)",932946
"sd3(x, wts = w)",930829
"cent_moments(x, max_order = 4, wts = w, na_rm = TRUE, normalize_wts = FALSE)",6930166
"slow_sd(x, w)",1746081
"cent_moments(x, max_order = 4, wts = w, na_rm = TRUE, normalize_wts = FALSE)",6940482
"sd3(x, wts = w)",931362
"slow_sd(x, w)",1742395
"sd3(x, wts = w)",940913
"sd3(x, wts = w)",931198
"slow_sd(x, w)",1741873
"slow_sd(x, w)",1747083
"cent_moments(x, max_order = 4, wts = w, na_rm = TRUE, normalize_wts = FALSE)",6949272
"cent_moments(x, max_order = 4, wts = w, na_rm = TRUE, normalize_wts = FALSE)",8185107
"sd3(x, wts = w)",947278
"slow_sd(x, w)",1779961
"cent_moments(x, max_order = 4, wts = w, na_rm = TRUE, normalize_wts = FALSE)",6972622
"slow_sd(x, w)",1751489
"slow_sd(x, w)",1789332
"slow_sd(x, w)",1759618
"cent_moments(x, max_order = 4, wts = w, na_rm = TRUE, normalize_wts = FALSE)",6986218
"sd3(x, wts = w)",934808
"cent_moments(x, max_order = 4, wts = w, na_rm = TRUE, normalize_wts = FALSE)",6956334
"slow_sd(x, w)",1748160
"slow_sd(x, w)",1753068
"sd3(x, wts = w)",943932
"slow_sd(x, w)",1742812
"sd3(x, wts = w)",968249
"sd3(x, wts = w)",931773
"cent_moments(x, max_order = 4, wts = w, na_rm = TRUE, normalize_wts = FALSE)",6966366
"slow_sd(x, w)",1743742
"cent_moments(x, max_order = 4, wts = w, na_rm = TRUE, normalize_wts = FALSE)",6945518
"cent_moments(x, max_order = 4, wts = w, na_rm = TRUE, normalize_wts = FALSE)",6932089
"cent_moments(x, max_order = 4, wts = w, na_rm = TRUE, normalize_wts = FALSE)",6930541
"slow_sd(x, w)",1746448
"slow_sd(x, w)",3745131
"cent_moments(x, max_order = 4, wts = w, na_rm = TRUE, normalize_wts = FALSE)",6979836
"cent_moments(x, max_order = 4, wts = w, na_rm = TRUE, normalize_wts = FALSE)",6965335
"slow_sd(x, w)",852997
"cent_moments(x, max_order = 4, wts = w, na_rm = TRUE, normalize_wts = FALSE)",6938633
"sd3(x, wts = w)",933902
"slow_sd(x, w)",873037
"sd3(x, wts = w)",935048
"slow_sd(x, w)",868296
"cent_moments(x, max_order = 4, wts = w, na_rm = TRUE, normalize_wts = FALSE)",6945344
"cent_moments(x, max_order = 4, wts = w, na_rm = TRUE, normalize_wts = FALSE)",6929923
"slow_sd(x, w)",890943
"sd3(x, wts = w)",937903
"cent_moments(x, max_order = 4, wts = w, na_rm = TRUE, normalize_wts = FALSE)",6938708
"sd3(x, wts = w)",931446
"cent_moments(x, max_order = 4, wts = w, na_rm = TRUE, normalize_wts = FALSE)",6931908
"sd3(x, wts = w)",930906
"slow_sd(x, w)",877967
"sd3(x, wts = w)",934621
"cent_moments(x, max_order = 4, wts = w, na_rm = TRUE, normalize_wts = FALSE)",6936778
"sd3(x, wts = w)",930926
"slow_sd(x, w)",875906
"sd3(x, wts = w)",935120
"cent_moments(x, max_order = 4, wts = w, na_rm = TRUE, normalize_wts = FALSE)",6877439
"cent_moments(x, max_order = 4, wts = w, na_rm = TRUE, normalize_wts = FALSE)",6931246
"sd3(x, wts = w)",930728
"cent_moments(x, max_order = 4, wts = w, na_rm = TRUE, normalize_wts = FALSE)",6933053
"slow_sd(x, w)",871352
"sd3(x, wts = w)",940549
"slow_sd(x, w)",870592
"sd3(x, wts = w)",935398
"cent_moments(x, max_order = 4, wts = w, na_rm = TRUE, normalize_wts = FALSE)",6940173
"sd3(x, wts = w)",930806
"cent_moments(x, max_order = 4, wts = w, na_rm = TRUE, normalize_wts = FALSE)",6943384
"cent_moments(x, max_order = 4, wts = w, na_rm = TRUE, normalize_wts = FALSE)",6931574
"slow_sd(x, w)",874994
"sd3(x, wts = w)",934780
"cent_moments(x, max_order = 4, wts = w, na_rm = TRUE, normalize_wts = FALSE)",6937046
"sd3(x, wts = w)",930796
"slow_sd(x, w)",868163
"cent_moments(x, max_order = 4, wts = w, na_rm = TRUE, normalize_wts = FALSE)",6947567
"slow_sd(x, w)",874938
"sd3(x, wts = w)",936766
"sd3(x, wts = w)",934795
"slow_sd(x, w)",872101
"cent_moments(x, max_order = 4, wts = w, na_rm = TRUE, normalize_wts = FALSE)",6944590
"sd3(x, wts = w)",931489
"sd3(x, wts = w)",930611
"sd3(x, wts = w)",930679
"cent_moments(x, max_order = 4, wts = w, na_rm = TRUE, normalize_wts = FALSE)",6933680
"cent_moments(x, max_order = 4, wts = w, na_rm = TRUE, normalize_wts = FALSE)",6935177
"cent_moments(x, max_order = 4, wts = w, na_rm = TRUE, normalize_wts = FALSE)",6931215
"slow_sd(x, w)",874415
"cent_moments(x, max_order = 4, wts = w, na_rm = TRUE, normalize_wts = FALSE)",6936551
"slow_sd(x, w)",874367
"slow_sd(x, w)",872365
"cent_moments(x, max_order = 4, wts = w, na_rm = TRUE, normalize_wts = FALSE)",6949258
"sd3(x, wts = w)",933526
"cent_moments(x, max_order = 4, wts = w, na_rm = TRUE, normalize_wts = FALSE)",6931857
"slow_sd(x, w)",875285
"sd3(x, wts = w)",935154
"slow_sd(x, w)",873640
"cent_moments(x, max_order = 4, wts = w, na_rm = TRUE, normalize_wts = FALSE)",6946795
"slow_sd(x, w)",871545
"slow_sd(x, w)",873858
"slow_sd(x, w)",882430
"slow_sd(x, w)",871575
"sd3(x, wts = w)",942506
"sd3(x, wts = w)",930811
"slow_sd(x, w)",871998
"cent_moments(x, max_order = 4, wts = w, na_rm = TRUE, normalize_wts = FALSE)",6949687
"sd3(x, wts = w)",931713
"slow_sd(x, w)",878267
"cent_moments(x, max_order = 4, wts = w, na_rm = TRUE, normalize_wts = FALSE)",6940863
"cent_moments(x, max_order = 4, wts = w, na_rm = TRUE, normalize_wts = FALSE)",6933047
"sd3(x, wts = w)",931725
"slow_sd(x, w)",875345
"sd3(x, wts = w)",934700
"sd3(x, wts = w)",1006910
"cent_moments(x, max_order = 4, wts = w, na_rm = TRUE, normalize_wts = FALSE)",7314201
"cent_moments(x, max_order = 4, wts = w, na_rm = TRUE, normalize_wts = FALSE)",6998873
"cent_moments(x, max_order = 4, wts = w, na_rm = TRUE, normalize_wts = FALSE)",6952327
"slow_sd(x, w)",907960
"cent_moments(x, max_order = 4, wts = w, na_rm = TRUE, normalize_wts = FALSE)",7104921
"cent_moments(x, max_order = 4, wts = w, na_rm = TRUE, normalize_wts = FALSE)",6942977
"sd3(x, wts = w)",933715
"cent_moments(x, max_order = 4, wts = w, na_rm = TRUE, normalize_wts = FALSE)",7829481
"sd3(x, wts = w)",934232
"sd3(x, wts = w)",930744
"cent_moments(x, max_order = 4, wts = w, na_rm = TRUE, normalize_wts = FALSE)",6927646
"slow_sd(x, w)",867141
"slow_sd(x, w)",869973
"cent_moments(x, max_order = 4, wts = w, na_rm = TRUE, normalize_wts = FALSE)",6944064
"sd3(x, wts = w)",933296
"sd3(x, wts = w)",930826
"cent_moments(x, max_order = 4, wts = w, na_rm = TRUE, normalize_wts = FALSE)",6996720
"sd3(x, wts = w)",932305
"cent_moments(x, max_order = 4, wts = w, na_rm = TRUE, normalize_wts = FALSE)",6912487
"slow_sd(x, w)",879194
"cent_moments(x, max_order = 4, wts = w, na_rm = TRUE, normalize_wts = FALSE)",6931355
"slow_sd(x, w)",871654
"cent_moments(x, max_order = 4, wts = w, na_rm = TRUE, normalize_wts = FALSE)",6933441
"cent_moments(x, max_order = 4, wts = w, na_rm = TRUE, normalize_wts = FALSE)",6923523
"cent_moments(x, max_order = 4, wts = w, na_rm = TRUE, normalize_wts = FALSE)",6922502
"sd3(x, wts = w)",932883
"cent_moments(x, max_order = 4, wts = w, na_rm = TRUE, normalize_wts = FALSE)",6927274
"cent_moments(x, max_order = 4, wts = w, na_rm = TRUE, normalize_wts = FALSE)",6924862
"cent_moments(x, max_order = 4, wts = w, na_rm = TRUE, normalize_wts = FALSE)",6926043
"slow_sd(x, w)",3517009
"slow_sd(x, w)",854790
"cent_moments(x, max_order = 4, wts = w, na_rm = TRUE, normalize_wts = FALSE)",6940037
"cent_moments(x, max_order = 4, wts = w, na_rm = TRUE, normalize_wts = FALSE)",6924725
"cent_moments(x, max_order = 4, wts = w, na_rm = TRUE, normalize_wts = FALSE)",6925187
"sd3(x, wts = w)",933919
"slow_sd(x, w)",868221
"slow_sd(x, w)",880543
"cent_moments(x, max_order = 4, wts = w, na_rm = TRUE, normalize_wts = FALSE)",6945365
"cent_moments(x, max_order = 4, wts = w, na_rm = TRUE, normalize_wts = FALSE)",6924969
"cent_moments(x, max_order = 4, wts = w, na_rm = TRUE, normalize_wts = FALSE)",6924356
"sd3(x, wts = w)",933425
"sd3(x, wts = w)",930825
"cent_moments(x, max_order = 4, wts = w, na_rm = TRUE, normalize_wts = FALSE)",6924901
"sd3(x, wts = w)",931099
"slow_sd(x, w)",872636
"slow_sd(x, w)",879701
"cent_moments(x, max_order = 4, wts = w, na_rm = TRUE, normalize_wts = FALSE)",6945161
"cent_moments(x, max_order = 4, wts = w, na_rm = TRUE, normalize_wts = FALSE)",6869664
"cent_moments(x, max_order = 4, wts = w, na_rm = TRUE, normalize_wts = FALSE)",6924936
"sd3(x, wts = w)",932837
"cent_moments(x, max_order = 4, wts = w, na_rm = TRUE, normalize_wts = FALSE)",6924133
"slow_sd(x, w)",873861
"slow_sd(x, w)",873242
"cent_moments(x, max_order = 4, wts = w, na_rm = TRUE, normalize_wts = FALSE)",6952343
"cent_moments(x, max_order = 4, wts = w, na_rm = TRUE, normalize_wts = FALSE)",6932978
"cent_moments(x, max_order = 4, wts = w, na_rm = TRUE, normalize_wts = FALSE)",6930911
"slow_sd(x, w)",876136
"cent_moments(x, max_order = 4, wts = w, na_rm = TRUE, normalize_wts = FALSE)",6943279
"cent_moments(x, max_order = 4, wts = w, na_rm = TRUE, normalize_wts = FALSE)",7009861
"cent_moments(x, max_order = 4, wts = w, na_rm = TRUE, normalize_wts = FALSE)",6926686
"sd3(x, wts = w)",933811
"cent_moments(x, max_order = 4, wts = w, na_rm = TRUE, normalize_wts = FALSE)",6924224
"sd3(x, wts = w)",930769
"slow_sd(x, w)",874071
"slow_sd(x, w)",880862
"cent_moments(x, max_order = 4, wts = w, na_rm = TRUE, normalize_wts = FALSE)",6937734
"slow_sd(x, w)",880426
"sd3(x, wts = w)",937207
"sd3(x, wts = w)",930540
"cent_moments(x, max_order = 4, wts = w, na_rm = TRUE, normalize_wts = FALSE)",6961972
"cent_moments(x, max_order = 4, wts = w, na_rm = TRUE, normalize_wts = FALSE)",6931736
"sd3(x, wts = w)",959426
"sd3(x, wts = w)",930663
"sd3(x, wts = w)",930654
"slow_sd(x, w)",875427
"sd3(x, wts = w)",939219
"slow_sd(x, w)",867695
"cent_moments(x, max_order = 4, wts = w, na_rm = TRUE, normalize_wts = FALSE)",6958587
"sd3(x, wts = w)",933238
"slow_sd(x, w)",873834
"slow_sd(x, w)",871394
"slow_sd(x, w)",873526
"sd3(x, wts = w)",952310
"sd3(x, wts = w)",931089
"cent_moments(x, max_order = 4, wts = w, na_rm = TRUE, normalize_wts = FALSE)",6939152
"cent_moments(x, max_order = 4, wts = w, na_rm = TRUE, normalize_wts = FALSE)",6927227
"sd3(x, wts = w)",932647
"cent_moments(x, max_order = 4, wts = w, na_rm = TRUE, normalize_wts = FALSE)",6922797
"slow_sd(x, w)",874965
"slow_sd(x, w)",870672
"sd3(x, wts = w)",939722
"slow_sd(x, w)",870071
"sd3(x, wts = w)",935734
"cent_moments(x, max_order = 4, wts = w, na_rm = TRUE, normalize_wts = FALSE)",6938545
"sd3(x, wts = w)",931149
"slow_sd(x, w)",874620
"sd3(x, wts = w)",935065
"slow_sd(x, w)",870263
"slow_sd(x, w)",884490
"sd3(x, wts = w)",948026
"sd3(x, wts = w)",931156
"slow_sd(x, w)",872105
"sd3(x, wts = w)",934797
"slow_sd(x, w)",871562
"cent_moments(x, max_order = 4, wts = w, na_rm = TRUE, normalize_wts = FALSE)",7107667
"sd3(x, wts = w)",935551
"slow_sd(x, w)",878904
"cent_moments(x, max_order = 4, wts = w, na_rm = TRUE, normalize_wts = FALSE)",6934290
"slow_sd(x, w)",875594
"cent_moments(x, max_order = 4, wts = w, na_rm = TRUE, normalize_wts = FALSE)",6929023
"slow_sd(x, w)",877905
"slow_sd(x, w)",871223
"slow_sd(x, w)",871242
"slow_sd(x, w)",8212566
"slow_sd(x, w)",1746342
"sd3(x, wts = w)",945552
"slow_sd(x, w)",1741331
"slow_sd(x, w)",1755174
"sd3(x, wts = w)",942127
"sd3(x, wts = w)",930894
"cent_moments(x, max_order = 4, wts = w, na_rm = TRUE, normalize_wts = FALSE)",6933284
"slow_sd(x, w)",1746596
"cent_moments(x, max_order = 4, wts = w, na_rm = TRUE, normalize_wts = FALSE)",6938314
"cent_moments(x, max_order = 4, wts = w, na_rm = TRUE, normalize_wts = FALSE)",6931830
"sd3(x, wts = w)",931875
"cent_moments(x, max_order = 4, wts = w, na_rm = TRUE, normalize_wts = FALSE)",6933465
"sd3(x, wts = w)",931086
"cent_moments(x, max_order = 4, wts = w, na_rm = TRUE, normalize_wts = FALSE)",6926614
"slow_sd(x, w)",1743436
"slow_sd(x, w)",1748929
"sd3(x, wts = w)",941799
"sd3(x, wts = w)",931161
"slow_sd(x, w)",1746989
"cent_moments(x, max_order = 4, wts = w, na_rm = TRUE, normalize_wts = FALSE)",6947071
"slow_sd(x, w)",1740494
"sd3(x, wts = w)",937221
"slow_sd(x, w)",1753139
"sd3(x, wts = w)",942196
"as.centsums(x1, 3)",819094
"as.centsums(x1, 3)",643911
"as.centsums(x1, 2)",130852
"as.centsums(x1, 4)",730810
"as.centsums(x1, 2)",127985
"as.centsums(x1, 4)",728832
"as.centsums(x1, 3)",631509
"as.centsums(x1, 2)",126241
"as.centsums(x1, 4)",764995
"as.centsums(x1, 4)",731396
"as.centsums(x1, 4)",729566
"as.centsums(x1, 1)",74961
"as.centsums(x1, 2)",126112
"as.centsums(x1, 3)",633032
"as.centsums(x1, 1)",73644
"as.centsums(x1, 3)",630958
"as.centsums(x1, 4)",740254
"as.centsums(x1, 1)",74817
"as.centsums(x1, 1)",74015
"as.centsums(x1, 1)",74111
"as.centsums(x1, 1)",74558
"as.centsums(x1, 4)",728953
"as.centsums(x1, 4)",728748
"as.centsums(x1, 1)",73477
"as.centsums(x1, 1)",74354
"as.centsums(x1, 1)",73701
"as.centsums(x1, 1)",73954
"as.centsums(x1, 3)",630930
"as.centsums(x1, 3)",638577
"as.centsums(x1, 4)",764074
"as.centsums(x1, 1)",74020
"as.centsums(x1, 3)",630456
"as.centsums(x1, 2)",125884
"as.centsums(x1, 4)",729899
"as.centsums(x1, 4)",729099
"as.centsums(x1, 2)",126305
"as.centsums(x1, 3)",629947
"as.centsums(x1, 4)",742184
"as.centsums(x1, 3)",632033
"as.centsums(x1, 3)",630947
"as.centsums(x1, 4)",728790
"as.centsums(x1, 2)",126872
"as.centsums(x1, 1)",74256
"as.centsums(x1, 3)",631185
"as.centsums(x1, 3)",630056
"as.centsums(x1, 4)",763560
"as.centsums(x1, 1)",73833
"as.centsums(x1, 1)",73963
"as.centsums(x1, 2)",125359
"as.centsums(x1, 3)",630365
"as.centsums(x1, 2)",125643
"as.centsums(x1, 2)",125325
"as.centsums(x1, 1)",73739
"as.centsums(x1, 2)",125347
"as.centsums(x1, 1)",73382
"as.centsums(x1, 4)",729303
"as.centsums(x1, 3)",629668
"as.centsums(x1, 4)",740390
"as.centsums(x1, 2)",126004
"as.centsums(x1, 1)",80612
"as.centsums(x1, 2)",126363
"as.centsums(x1, 4)",728541
"as.centsums(x1, 3)",630466
"as.centsums(x1, 3)",630032
"as.centsums(x1, 2)",125926
"as.centsums(x1, 2)",125322
"as.centsums(x1, 3)",630836
"as.centsums(x1, 2)",126229
"as.centsums(x1, 2)",126952
"as.centsums(x1, 2)",125681
"as.centsums(x1, 3)",638022
"as.centsums(x1, 1)",74166
"as.centsums(x1, 3)",630966
"as.centsums(x1, 1)",73389
"as.centsums(x1, 2)",125635
"as.centsums(x1, 4)",729225
"as.centsums(x1, 4)",729371
"as.centsums(x1, 2)",126450
"as.centsums(x1, 2)",126755
"as.centsums(x1, 2)",126296
"as.centsums(x1, 3)",630863
"as.centsums(x1, 4)",758235
"as.centsums(x1, 3)",632191
"as.centsums(x1, 2)",126132
"as.centsums(x1, 4)",729122
"as.centsums(x1, 1)",73220
"as.centsums(x1, 1)",73340
"as.centsums(x1, 2)",125782
"as.centsums(x1, 3)",631096
"as.centsums(x1, 1)",73210
"as.centsums(x1, 3)",631067
"as.centsums(x1, 3)",630518
"as.centsums(x1, 4)",736633
"as.centsums(x1, 3)",630527
"as.centsums(x1, 2)",126347
"as.centsums(x1, 3)",630114
"as.centsums(x1, 2)",125559
"as.centsums(x1, 2)",125912
"as.centsums(x1, 3)",631549
"as.centsums(x1, 3)",631289
"as.centsums(x1, 3)",651892
"as.centsums(x1, 2)",127656
"as.centsums(x1, 4)",729692
"as.centsums(x1, 1)",73097
"as.centsums(x1, 1)",74543
"as.centsums(x1, 1)",73193
"as.centsums(x1, 3)",630728
"as.centsums(x1, 2)",125650
"as.centsums(x1, 2)",125846
"as.centsums(x1, 4)",729253
"as.centsums(x1, 1)",73891
"as.centsums(x1, 4)",729200
"as.centsums(x1, 4)",738691
"as.centsums(x1, 1)",74463
"as.centsums(x1, 1)",73399
"as.centsums(x1, 4)",729323
"as.centsums(x1, 4)",730547
"as.centsums(x1, 4)",729093
"as.centsums(x1, 3)",630543
"as.centsums(x1, 3)",638504
"as.centsums(x1, 3)",632171
"as.centsums(x1, 4)",729715
"as.centsums(x1, 4)",729380
"as.centsums(x1, 3)",630547
"as.centsums(x1, 3)",630605
"as.centsums(x1, 1)",73414
"as.centsums(x1, 4)",732469
"as.centsums(x1, 3)",630578
"as.centsums(x1, 2)",125804
"as.centsums(x1, 3)",630947
"as.centsums(x1, 3)",631497
"as.centsums(x1, 4)",728908
"as.centsums(x1, 3)",630483
"as.centsums(x1, 3)",633924
"as.centsums(x1, 1)",73520
"as.centsums(x1, 4)",729031
"as.centsums(x1, 2)",125114
"as.centsums(x1, 2)",125725
"as.centsums(x1, 1)",74116
"as.centsums(x1, 3)",630471
"as.centsums(x1, 4)",729195
"as.centsums(x1, 1)",72836
"as.centsums(x1, 1)",73132
"as.centsums(x1, 2)",125931
"as.centsums(x1, 1)",72862
"as.centsums(x1, 4)",728902
"as.centsums(x1, 2)",125543
"as.centsums(x1, 1)",73725
"as.centsums(x1, 4)",733612
"as.centsums(x1, 1)",73819
"as.centsums(x1, 2)",126148
"as.centsums(x1, 3)",630520
"as.centsums(x1, 4)",729543
"as.centsums(x1, 4)",728623
"as.centsums(x1, 2)",125922
"as.centsums(x1, 4)",728882
"as.centsums(x1, 3)",633701
"as.centsums(x1, 2)",126252
"as.centsums(x1, 4)",728395
"as.centsums(x1, 3)",629945
"as.centsums(x1, 2)",126584
"as.centsums(x1, 3)",630403
"as.centsums(x1, 2)",125764
"as.centsums(x1, 2)",126610
"as.centsums(x1, 4)",730276
"as.centsums(x1, 2)",125478
"as.centsums(x1, 3)",634106
"as.centsums(x1, 4)",728936
"as.centsums(x1, 4)",729842
"as.centsums(x1, 2)",125308
"as.centsums(x1, 2)",125264
"as.centsums(x1, 1)",72895
"as.centsums(x1, 4)",729629
"as.centsums(x1, 2)",125482
"as.centsums(x1, 4)",729197
"as.centsums(x1, 3)",635522
"as.centsums(x1, 4)",730691
"as.centsums(x1, 4)",756282
"as.centsums(x1, 4)",728817
"as.centsums(x1, 1)",73589
"as.centsums(x1, 3)",630272
"as.centsums(x1, 4)",732440
"as.centsums(x1, 1)",73676
"as.centsums(x1, 2)",125355
"as.centsums(x1, 4)",729697
"as.centsums(x1, 4)",729291
"as.centsums(x1, 3)",631338
"as.centsums(x1, 1)",73357
"as.centsums(x1, 4)",730457
"as.centsums(x1, 3)",630509
"as.centsums(x1, 1)",73640
"as.centsums(x1, 3)",634518
"as.centsums(x1, 4)",728983
"as.centsums(x1, 1)",74365
"as.centsums(x1, 3)",630531
"as.centsums(x1, 1)",73968
"as.centsums(x1, 1)",74305
"as.centsums(x1, 3)",631003
"as.centsums(x1, 3)",630056
"as.centsums(x1, 1)",74270
"as.centsums(x1, 3)",633734
"as.centsums(x1, 2)",126426
"as.centsums(x1, 2)",125742
"as.centsums(x1, 2)",126603
"as.centsums(x1, 1)",73655
"as.centsums(x1, 3)",635951
"as.centsums(x1, 4)",728125
"as.centsums(x1, 4)",728734
"as.centsums(x1, 2)",126391
"as.centsums(x1, 2)",125931
"as.centsums(x1, 4)",756230
"as.centsums(x1, 4)",732876
"as.centsums(x1, 1)",73974
"as.centsums(x1, 4)",729185
"as.centsums(x1, 1)",73668
"as.centsums(x1, 2)",126294
"as.centsums(x1, 1)",74253
"as.centsums(x1, 1)",72707
"as.centsums(x1, 4)",729223
"as.centsums(x1, 2)",126435
"as.centsums(x1, 3)",630333
"as.centsums(x1, 1)",73804
"as.centsums(x1, 4)",726360
"as.centsums(x1, 1)",72902
"as.centsums(x1, 3)",633366
"as.centsums(x1, 1)",73221
"as.centsums(x1, 2)",126301
"as.centsums(x1, 4)",729425
"as.centsums(x1, 4)",730461
"as.centsums(x1, 1)",73795
"as.centsums(x1, 4)",727722
"as.centsums(x1, 2)",126998
"as.centsums(x1, 2)",126482
"as.centsums(x1, 3)",633214
"as.centsums(x1, 3)",637021
"as.centsums(x1, 2)",127267
"as.centsums(x1, 1)",85309
"as.centsums(x1, 2)",128269
"as.centsums(x1, 1)",73933
"as.centsums(x1, 3)",631390
"as.centsums(x1, 4)",730030
"as.centsums(x1, 2)",125909
"as.centsums(x1, 1)",72743
"as.centsums(x1, 2)",126148
"as.centsums(x1, 3)",630655
"as.centsums(x1, 1)",73639
"as.centsums(x1, 4)",734075
"as.centsums(x1, 1)",73981
"as.centsums(x1, 4)",729157
"as.centsums(x1, 2)",125657
"as.centsums(x1, 4)",730929
"as.centsums(x1, 4)",728898
"as.centsums(x1, 2)",125927
"as.centsums(x1, 2)",125414
"as.centsums(x1, 3)",630734
"as.centsums(x1, 2)",125451
"as.centsums(x1, 1)",73470
"as.centsums(x1, 1)",73578
"as.centsums(x1, 4)",732509
"as.centsums(x1, 2)",125967
"as.centsums(x1, 1)",73179
"as.centsums(x1, 3)",631280
"as.centsums(x1, 4)",728843
"as.centsums(x1, 1)",73249
"as.centsums(x1, 2)",125641
"as.centsums(x1, 1)",73648
"as.centsums(x1, 2)",127892
"as.centsums(x1, 4)",729331
"as.centsums(x1, 1)",73807
"as.centsums(x1, 2)",127001
"as.centsums(x1, 2)",125626
"as.centsums(x1, 2)",126102
"as.centsums(x1, 4)",732060
"as.centsums(x1, 3)",631276
"as.centsums(x1, 2)",125867
"as.centsums(x1, 3)",636629
"as.centsums(x1, 3)",631074
"as.centsums(x1, 2)",125633
"as.centsums(x1, 2)",125765
"as.centsums(x1, 2)",125755
"as.centsums(x1, 3)",630054
"as.centsums(x1, 2)",126276
"as.centsums(x1, 3)",634263
"as.centsums(x1, 3)",630355
"as.centsums(x1, 3)",631327
"as.centsums(x1, 3)",630411
"as.centsums(x1, 2)",125933
"as.centsums(x1, 4)",729452
"as.centsums(x1, 3)",635819
"as.centsums(x1, 2)",133533
"as.centsums(x1, 1)",80049
"as.centsums(x1, 2)",132093
"as.centsums(x1, 2)",132292
"as.centsums(x1, 1)",79698
"as.centsums(x1, 3)",641726
"as.centsums(x1, 2)",132681
"as.centsums(x1, 2)",132504
"as.centsums(x1, 3)",636925
"as.centsums(x1, 4)",735106
"as.centsums(x1, 4)",736499
"as.centsums(x1, 1)",80530
"as.centsums(x1, 4)",735628
"as.centsums(x1, 4)",739435
"as.centsums(x1, 2)",132396
"as.centsums(x1, 3)",637336
"as.centsums(x1, 1)",79990
"as.centsums(x1, 1)",79306
"as.centsums(x1, 4)",735870
"as.centsums(x1, 2)",131952
"as.centsums(x1, 3)",638435
"as.centsums(x1, 1)",79843
"as.centsums(x1, 4)",734101
"as.centsums(x1, 4)",739601
"as.centsums(x1, 1)",79878
"as.centsums(x1, 3)",637537
"as.centsums(x1, 2)",132504
"as.centsums(x1, 2)",132285
"as.centsums(x1, 1)",80591
"as.centsums(x1, 1)",80009
"as.centsums(x1, 1)",79121
"as.centsums(x1, 4)",734726
"as.centsums(x1, 2)",131682
"as.centsums(x1, 3)",636461
"as.centsums(x1, 1)",79578
"as.centsums(x1, 1)",79266
"as.centsums(x1, 1)",79122
"as.centsums(x1, 1)",79526
"as.centsums(x1, 2)",135154
"as.centsums(x1, 4)",740729
"as.centsums(x1, 3)",639135
"as.centsums(x1, 4)",736817
"as.centsums(x1, 2)",132229
"as.centsums(x1, 3)",638169
"as.centsums(x1, 1)",80590
"as.centsums(x1, 3)",638218
"as.centsums(x1, 4)",738720
"as.centsums(x1, 4)",735800
"as.centsums(x1, 3)",637738
"as.centsums(x1, 1)",80383
"as.centsums(x1, 2)",131733
"as.centsums(x1, 4)",735247
"as.centsums(x1, 4)",736248
"as.centsums(x1, 3)",639038
"as.centsums(x1, 3)",641245
"as.centsums(x1, 3)",639610
"as.centsums(x1, 1)",81198
"as.centsums(x1, 2)",131515
"as.centsums(x1, 1)",79976
"as.centsums(x1, 3)",637966
"as.centsums(x1, 4)",735474
"as.centsums(x1, 1)",80161
"as.centsums(x1, 1)",79440
"as.centsums(x1, 3)",638102
"as.centsums(x1, 3)",640870
"as.centsums(x1, 1)",80807
"as.centsums(x1, 4)",736031
"as.centsums(x1, 1)",80189
"as.centsums(x1, 2)",130934
"as.centsums(x1, 2)",134128
"as.centsums(x1, 4)",736290
"as.centsums(x1, 3)",637042
"as.centsums(x1, 1)",79624
"as.centsums(x1, 1)",79262
"as.centsums(x1, 1)",80447
"as.centsums(x1, 3)",636719
"as.centsums(x1, 2)",131078
"as.centsums(x1, 2)",132658
"as.centsums(x1, 3)",641501
"as.centsums(x1, 4)",734506
"as.centsums(x1, 4)",734232
"as.centsums(x1, 4)",735716
"as.centsums(x1, 1)",79969
"as.centsums(x1, 3)",637524
"as.centsums(x1, 2)",132276
"as.centsums(x1, 1)",80044
"as.centsums(x1, 1)",80017
"as.centsums(x1, 2)",131937
"as.centsums(x1, 1)",79623
"as.centsums(x1, 3)",646854
"as.centsums(x1, 1)",80803
"as.centsums(x1, 3)",638605
"as.centsums(x1, 1)",80428
"as.centsums(x1, 4)",735697
"as.centsums(x1, 1)",79103
"as.centsums(x1, 4)",734102
"as.centsums(x1, 4)",735557
"as.centsums(x1, 4)",739653
"as.centsums(x1, 2)",132616
"as.centsums(x1, 3)",637458
"as.centsums(x1, 2)",132719
"as.centsums(x1, 1)",79530
"as.centsums(x1, 3)",640118
"as.centsums(x1, 3)",636987
"as.centsums(x1, 4)",735707
"as.centsums(x1, 2)",131934
"as.centsums(x1, 1)",79412
"as.centsums(x1, 3)",641296
"as.centsums(x1, 4)",735306
"as.centsums(x1, 1)",80086
"as.centsums(x1, 2)",132158
"c(obj1, obj2)",252594
"c(obj1, obj2)",21009
obj3 %-% obj1,38697
obj3 %-% obj1,12329
obj3 %-% obj1,10619
obj3 %-% obj1,10203
"c(obj1, obj2)",17967
"c(obj1, obj2)",14371
"c(obj1, obj2)",14876
obj3 %-% obj1,11741
"c(obj1, obj2)",14873
"c(obj1, obj2)",13909
obj3 %-% obj1,11369
obj3 %-% obj1,10709
"c(obj1, obj2)",14663
"c(obj1, obj2)",14251
"c(obj1, obj2)",14450
"c(obj1, obj2)",14029
"c(obj1, obj2)",13729
"c(obj1, obj2)",13433
obj3 %-% obj1,11360
"c(obj1, obj2)",14690
obj3 %-% obj1,10934
obj3 %-% obj1,10329
"c(obj1, obj2)",14122
"c(obj1, obj2)",14228
obj3 %-% obj1,10900
"c(obj1, obj2)",14100
"c(obj1, obj2)",13622
"c(obj1, obj2)",14548
"c(obj1, obj2)",13596
"c(obj1, obj2)",13762
obj3 %-% obj1,11189
"c(obj1, obj2)",13980
obj3 %-% obj1,10955
obj3 %-% obj1,10552
"c(obj1, obj2)",14695
"c(obj1, obj2)",13620
"c(obj1, obj2)",13978
"c(obj1, obj2)",13865
obj3 %-% obj1,11454
"c(obj1, obj2)",14273
"c(obj1, obj2)",13897
obj3 %-% obj1,11400
"c(obj1, obj2)",13888
obj3 %-% obj1,11219
"c(obj1, obj2)",14153
"c(obj1, obj2)",14278
obj3 %-% obj1,11323
"c(obj1, obj2)",13991
obj3 %-% obj1,11439
"c(obj1, obj2)",14153
"c(obj1, obj2)",14525
obj3 %-% obj1,11260
obj3 %-% obj1,10344
"c(obj1, obj2)",14211
"c(obj1, obj2)",13751
obj3 %-% obj1,10968
"c(obj1, obj2)",14056
obj3 %-% obj1,10844
"c(obj1, obj2)",14135
obj3 %-% obj1,11189
obj3 %-% obj1,10005
obj3 %-% obj1,10421
"c(obj1, obj2)",14619
obj3 %-% obj1,11115
obj3 %-% obj1,10400
obj3 %-% obj1,10461
"c(obj1, obj2)",14354
"c(obj1, obj2)",13679
"c(obj1, obj2)",14012
obj3 %-% obj1,11235
obj3 %-% obj1,11222
"c(obj1, obj2)",14210
obj3 %-% obj1,11456
obj3 %-% obj1,10357
"c(obj1, obj2)",14185
"c(obj1, obj2)",14452
"c(obj1, obj2)",13513
"c(obj1, obj2)",13608
"c(obj1, obj2)",14066
obj3 %-% obj1,11283
"c(obj1, obj2)",14746
obj3 %-% obj1,11652
"c(obj1, obj2)",14607
"c(obj1, obj2)",13410
"c(obj1, obj2)",13780
"c(obj1, obj2)",13561
obj3 %-% obj1,11403
obj3 %-% obj1,10284
obj3 %-% obj1,10514
"c(obj1, obj2)",13975
"c(obj1, obj2)",14599
obj3 %-% obj1,11248
obj3 %-% obj1,10174
obj3 %-% obj1,10032
obj3 %-% obj1,10147
obj3 %-% obj1,10064
"c(obj1, obj2)",15206
obj3 %-% obj1,11254
obj3 %-% obj1,10238
"c(obj1, obj2)",14104
obj3 %-% obj1,11231
"c(obj1, obj2)",14114
"c(obj1, obj2)",14437
obj3 %-% obj1,11064
"c(obj1, obj2)",14706
obj3 %-% obj1,10881
"c(obj1, obj2)",14171
"c(obj1, obj2)",13677
obj3 %-% obj1,10727
obj3 %-% obj1,10875
obj3 %-% obj1,10055
obj3 %-% obj1,10076
"c(obj1, obj2)",14795
"c(obj1, obj2)",13873
obj3 %-% obj1,10606
obj3 %-% obj1,15625
obj3 %-% obj1,10077
obj3 %-% obj1,10213
obj3 %-% obj1,10116
"c(obj1, obj2)",15766
obj3 %-% obj1,11016
"c(obj1, obj2)",14387
"c(obj1, obj2)",13824
"c(obj1, obj2)",14488
obj3 %-% obj1,11207
obj3 %-% obj1,10369
"c(obj1, obj2)",14683
"c(obj1, obj2)",13658
obj3 %-% obj1,10555
obj3 %-% obj1,10016
obj3 %-% obj1,10817
obj3 %-% obj1,10343
obj3 %-% obj1,10086
obj3 %-% obj1,10815
"c(obj1, obj2)",14894
obj3 %-% obj1,11168
"c(obj1, obj2)",14098
"c(obj1, obj2)",14794
"c(obj1, obj2)",13515
obj3 %-% obj1,10893
"c(obj1, obj2)",14167
obj3 %-% obj1,11027
"c(obj1, obj2)",14528
obj3 %-% obj1,10981
obj3 %-% obj1,10526
"c(obj1, obj2)",14423
obj3 %-% obj1,11025
obj3 %-% obj1,10922
"c(obj1, obj2)",14024
obj3 %-% obj1,11432
obj3 %-% obj1,10327
obj3 %-% obj1,10556
obj3 %-% obj1,9735
"c(obj1, obj2)",14704
obj3 %-% obj1,10815
"c(obj1, obj2)",14282
"c(obj1, obj2)",13395
"c(obj1, obj2)",13781
"c(obj1, obj2)",13876
obj3 %-% obj1,11359
obj3 %-% obj1,10432
"c(obj1, obj2)",14507
"c(obj1, obj2)",14299
"c(obj1, obj2)",14038
"c(obj1, obj2)",13568
obj3 %-% obj1,11128
obj3 %-% obj1,10201
obj3 %-% obj1,9979
obj3 %-% obj1,10184
obj3 %-% obj1,10287
"c(obj1, obj2)",14564
obj3 %-% obj1,10675
"c(obj1, obj2)",13986
"c(obj1, obj2)",13734
obj3 %-% obj1,11320
obj3 %-% obj1,10180
obj3 %-% obj1,10069
"c(obj1, obj2)",14679
"c(obj1, obj2)",14447
obj3 %-% obj1,11131
"c(obj1, obj2)",14090
obj3 %-% obj1,10712
"c(obj1, obj2)",14377
obj3 %-% obj1,10888
"c(obj1, obj2)",14653
obj3 %-% obj1,10935
obj3 %-% obj1,10116
obj3 %-% obj1,10518
obj3 %-% obj1,10164
"c(obj1, obj2)",14404
obj3 %-% obj1,10790
"c(obj1, obj2)",14253
obj3 %-% obj1,10873
"c(obj1, obj2)",14169
obj3 %-% obj1,11293
obj3 %-% obj1,10844
"c(obj1, obj2)",14088
"c(obj1, obj2)",13988
"join_cent_sums(rs1, rs2)",18747
"unjoin_cent_sums(rs3, rs1)",5367
"unjoin_cent_sums(rs3, rs2)",2439
"unjoin_cent_sums(rs3, rs2)",2241
"unjoin_cent_sums(rs3, rs2)",1930
"join_cent_sums(rs1, rs2)",1967
"unjoin_cent_sums(rs3, rs1)",1882
"join_cent_sums(rs1, rs2)",1809
"unjoin_cent_sums(rs3, rs1)",2054
"unjoin_cent_sums(rs3, rs1)",1963
"unjoin_cent_sums(rs3, rs1)",1721
"join_cent_sums(rs1, rs2)",1779
"unjoin_cent_sums(rs3, rs2)",1727
"join_cent_sums(rs1, rs2)",2157
"unjoin_cent_sums(rs3, rs1)",1749
"unjoin_cent_sums(rs3, rs1)",1753
"unjoin_cent_sums(rs3, rs1)",1673
"join_cent_sums(rs1, rs2)",1800
"unjoin_cent_sums(rs3, rs1)",1976
"unjoin_cent_sums(rs3, rs1)",1866
"unjoin_cent_sums(rs3, rs2)",1805
"join_cent_sums(rs1, rs2)",2004
"unjoin_cent_sums(rs3, rs2)",1702
"join_cent_sums(rs1, rs2)",1772
"unjoin_cent_sums(rs3, rs1)",1909
"join_cent_sums(rs1, rs2)",1884
"join_cent_sums(rs1, rs2)",1822
"unjoin_cent_sums(rs3, rs2)",1712
"unjoin_cent_sums(rs3, rs1)",1705
"unjoin_cent_sums(rs3, rs1)",1709
"unjoin_cent_sums(rs3, rs1)",1681
"unjoin_cent_sums(rs3, rs2)",1902
"unjoin_cent_sums(rs3, rs1)",1682
"unjoin_cent_sums(rs3, rs2)",1694
"join_cent_sums(rs1, rs2)",1762
"join_cent_sums(rs1, rs2)",1751
"join_cent_sums(rs1, rs2)",1764
"unjoin_cent_sums(rs3, rs1)",1766
"unjoin_cent_sums(rs3, rs2)",1695
"unjoin_cent_sums(rs3, rs2)",1708
"join_cent_sums(rs1, rs2)",1780
"unjoin_cent_sums(rs3, rs1)",1709
"join_cent_sums(rs1, rs2)",1784
"join_cent_sums(rs1, rs2)",1867
"unjoin_cent_sums(rs3, rs2)",1718
"join_cent_sums(rs1, rs2)",1800
"unjoin_cent_sums(rs3, rs2)",1701
"unjoin_cent_sums(rs3, rs1)",1674
"unjoin_cent_sums(rs3, rs2)",1712
"unjoin_cent_sums(rs3, rs2)",1715
"unjoin_cent_sums(rs3, rs2)",1714
"unjoin_cent_sums(rs3, rs2)",1754
"unjoin_cent_sums(rs3, rs1)",1722
"unjoin_cent_sums(rs3, rs1)",1674
"unjoin_cent_sums(rs3, rs1)",1677
"unjoin_cent_sums(rs3, rs2)",1690
"unjoin_cent_sums(rs3, rs1)",1924
"unjoin_cent_sums(rs3, rs1)",1674
"join_cent_sums(rs1, rs2)",1824
"unjoin_cent_sums(rs3, rs1)",1716
"unjoin_cent_sums(rs3, rs2)",1698
"join_cent_sums(rs1, rs2)",1776
"unjoin_cent_sums(rs3, rs1)",1806
"unjoin_cent_sums(rs3, rs1)",1689
"unjoin_cent_sums(rs3, rs2)",1741
"unjoin_cent_sums(rs3, rs1)",1663
"join_cent_sums(rs1, rs2)",1794
"unjoin_cent_sums(rs3, rs2)",1686
"unjoin_cent_sums(rs3, rs2)",1775
"unjoin_cent_sums(rs3, rs1)",1671
"join_cent_sums(rs1, rs2)",1805
"unjoin_cent_sums(rs3, rs1)",1691
"unjoin_cent_sums(rs3, rs2)",1741
"unjoin_cent_sums(rs3, rs1)",1695
"unjoin_cent_sums(rs3, rs2)",1798
"join_cent_sums(rs1, rs2)",1785
"join_cent_sums(rs1, rs2)",1746
"unjoin_cent_sums(rs3, rs2)",1679
"unjoin_cent_sums(rs3, rs2)",1684
"join_cent_sums(rs1, rs2)",1804
"unjoin_cent_sums(rs3, rs1)",1707
"join_cent_sums(rs1, rs2)",1884
"join_cent_sums(rs1, rs2)",1755
"join_cent_sums(rs1, rs2)",1739
"unjoin_cent_sums(rs3, rs2)",1686
"unjoin_cent_sums(rs3, rs2)",1679
"join_cent_sums(rs1, rs2)",1769
"unjoin_cent_sums(rs3, rs2)",1784
"join_cent_sums(rs1, rs2)",1761
"join_cent_sums(rs1, rs2)",1728
"unjoin_cent_sums(rs3, rs1)",1802
"unjoin_cent_sums(rs3, rs2)",1682
"join_cent_sums(rs1, rs2)",1829
"unjoin_cent_sums(rs3, rs1)",1755
"unjoin_cent_sums(rs3, rs2)",1684
"unjoin_cent_sums(rs3, rs2)",1679
"unjoin_cent_sums(rs3, rs1)",1661
"unjoin_cent_sums(rs3, rs1)",1682
"unjoin_cent_sums(rs3, rs1)",1671
"unjoin_cent_sums(rs3, rs2)",1727
"unjoin_cent_sums(rs3, rs1)",1725
"unjoin_cent_sums(rs3, rs1)",1671
"unjoin_cent_sums(rs3, rs2)",1686
"join_cent_sums(rs1, rs2)",1787
"unjoin_cent_sums(rs3, rs1)",1676
"unjoin_cent_sums(rs3, rs1)",1723
"join_cent_sums(rs1, rs2)",1774
"unjoin_cent_sums(rs3, rs2)",1719
"unjoin_cent_sums(rs3, rs2)",1678
"unjoin_cent_sums(rs3, rs2)",1661
"unjoin_cent_sums(rs3, rs1)",1685
"join_cent_sums(rs1, rs2)",1849
"unjoin_cent_sums(rs3, rs2)",1714
"unjoin_cent_sums(rs3, rs1)",1674
"join_cent_sums(rs1, rs2)",1794
"join_cent_sums(rs1, rs2)",1742
"join_cent_sums(rs1, rs2)",1741
"join_cent_sums(rs1, rs2)",1808
"join_cent_sums(rs1, rs2)",1801
"unjoin_cent_sums(rs3, rs1)",1766
"unjoin_cent_sums(rs3, rs2)",1738
"unjoin_cent_sums(rs3, rs1)",1706
"unjoin_cent_sums(rs3, rs1)",1664
"join_cent_sums(rs1, rs2)",1795
"join_cent_sums(rs1, rs2)",1798
"unjoin_cent_sums(rs3, rs2)",1682
"unjoin_cent_sums(rs3, rs1)",1680
"join_cent_sums(rs1, rs2)",1800
"unjoin_cent_sums(rs3, rs1)",1742
"join_cent_sums(rs1, rs2)",2007
"unjoin_cent_sums(rs3, rs1)",1682
"unjoin_cent_sums(rs3, rs2)",1689
"join_cent_sums(rs1, rs2)",1847
"unjoin_cent_sums(rs3, rs1)",1686
"unjoin_cent_sums(rs3, rs1)",1834
"unjoin_cent_sums(rs3, rs2)",1680
"unjoin_cent_sums(rs3, rs2)",1679
"join_cent_sums(rs1, rs2)",1786
"join_cent_sums(rs1, rs2)",1840
"unjoin_cent_sums(rs3, rs2)",1784
"join_cent_sums(rs1, rs2)",1762
"unjoin_cent_sums(rs3, rs2)",1691
"unjoin_cent_sums(rs3, rs1)",1679
"join_cent_sums(rs1, rs2)",1780
"unjoin_cent_sums(rs3, rs1)",1682
"unjoin_cent_sums(rs3, rs2)",1725
"unjoin_cent_sums(rs3, rs1)",1683
"unjoin_cent_sums(rs3, rs1)",1770
"unjoin_cent_sums(rs3, rs2)",1672
"unjoin_cent_sums(rs3, rs2)",1676
"unjoin_cent_sums(rs3, rs2)",1674
"unjoin_cent_sums(rs3, rs2)",1766
"unjoin_cent_sums(rs3, rs1)",1684
"unjoin_cent_sums(rs3, rs1)",1659
"unjoin_cent_sums(rs3, rs2)",1685
"join_cent_sums(rs1, rs2)",1803
"unjoin_cent_sums(rs3, rs1)",1690
"join_cent_sums(rs1, rs2)",1826
"unjoin_cent_sums(rs3, rs2)",1750
"join_cent_sums(rs1, rs2)",2074
"unjoin_cent_sums(rs3, rs2)",1692
"unjoin_cent_sums(rs3, rs1)",1680
"unjoin_cent_sums(rs3, rs2)",1719
"unjoin_cent_sums(rs3, rs2)",1659
"unjoin_cent_sums(rs3, rs2)",1693
"unjoin_cent_sums(rs3, rs1)",1664
"join_cent_sums(rs1, rs2)",1853
"join_cent_sums(rs1, rs2)",1765
"unjoin_cent_sums(rs3, rs2)",1704
"unjoin_cent_sums(rs3, rs1)",1665
"join_cent_sums(rs1, rs2)",1787
"join_cent_sums(rs1, rs2)",1827
"unjoin_cent_sums(rs3, rs1)",1690
"unjoin_cent_sums(rs3, rs1)",1665
"unjoin_cent_sums(rs3, rs2)",1679
"unjoin_cent_sums(rs3, rs2)",1671
"unjoin_cent_sums(rs3, rs2)",1665
"unjoin_cent_sums(rs3, rs2)",1666
"join_cent_sums(rs1, rs2)",1938
"join_cent_sums(rs1, rs2)",1749
"join_cent_sums(rs1, rs2)",1761
"unjoin_cent_sums(rs3, rs2)",1692
"join_cent_sums(rs1, rs2)",1761
"unjoin_cent_sums(rs3, rs2)",1697
"unjoin_cent_sums(rs3, rs1)",1929
"unjoin_cent_sums(rs3, rs2)",1778
"unjoin_cent_sums(rs3, rs2)",1676
"unjoin_cent_sums(rs3, rs2)",1700
"unjoin_cent_sums(rs3, rs1)",1678
"unjoin_cent_sums(rs3, rs1)",1687
"join_cent_sums(rs1, rs2)",1817
"unjoin_cent_sums(rs3, rs1)",1830
"unjoin_cent_sums(rs3, rs1)",1687
"unjoin_cent_sums(rs3, rs2)",1689
"join_cent_sums(rs1, rs2)",1772
"join_cent_sums(rs1, rs2)",1751
"unjoin_cent_sums(rs3, rs2)",1702
"unjoin_cent_sums(rs3, rs1)",1874
"join_cent_sums(rs1, rs2)",1774
"unjoin_cent_sums(rs3, rs2)",1728
"unjoin_cent_sums(rs3, rs2)",1663
"unjoin_cent_sums(rs3, rs1)",1821
"unjoin_cent_sums(rs3, rs1)",1670
"join_cent_sums(rs1, rs2)",1850
"join_cent_sums(rs1, rs2)",1740
"unjoin_cent_sums(rs3, rs1)",1697
"join_cent_sums(rs1, rs2)",1757
"unjoin_cent_sums(rs3, rs2)",1693
"unjoin_cent_sums(rs3, rs1)",1655
"unjoin_cent_sums(rs3, rs2)",1844
"unjoin_cent_sums(rs3, rs2)",1654
"unjoin_cent_sums(rs3, rs1)",1690
"unjoin_cent_sums(rs3, rs2)",1688
"unjoin_cent_sums(rs3, rs2)",1666
"join_cent_sums(rs1, rs2)",1789
"join_cent_sums(rs1, rs2)",1780
"unjoin_cent_sums(rs3, rs1)",1680
"unjoin_cent_sums(rs3, rs1)",1652
"unjoin_cent_sums(rs3, rs2)",1675
"join_cent_sums(rs1, rs2)",1975
"unjoin_cent_sums(rs3, rs2)",1744
"join_cent_sums(rs1, rs2)",1773
"unjoin_cent_sums(rs3, rs1)",1731
"unjoin_cent_sums(rs3, rs2)",1666
"join_cent_sums(rs1, rs2)",1849
"join_cent_sums(rs1, rs2)",1744
"unjoin_cent_sums(rs3, rs1)",1691
"join_cent_sums(rs1, rs2)",1777
"join_cent_sums(rs1, rs2)",1731
"unjoin_cent_sums(rs3, rs2)",1707
"join_cent_sums(rs1, rs2)",1820
"unjoin_cent_sums(rs3, rs1)",1711
"unjoin_cent_sums(rs3, rs2)",1685
"join_cent_sums(rs1, rs2)",1889
"join_cent_sums(rs1, rs2)",1744
"unjoin_cent_sums(rs3, rs2)",1709
"join_cent_sums(rs1, rs2)",1864
"unjoin_cent_sums(rs3, rs2)",1703
"unjoin_cent_sums(rs3, rs2)",1658
"join_cent_sums(rs1, rs2)",1765
"unjoin_cent_sums(rs3, rs1)",1868
"unjoin_cent_sums(rs3, rs1)",1659
"unjoin_cent_sums(rs3, rs2)",1701
"unjoin_cent_sums(rs3, rs2)",1671
"unjoin_cent_sums(rs3, rs1)",1680
"unjoin_cent_sums(rs3, rs2)",1698
"unjoin_cent_sums(rs3, rs2)",1779
"unjoin_cent_sums(rs3, rs2)",1677
"join_cent_sums(rs1, rs2)",1762
"unjoin_cent_sums(rs3, rs2)",1688
"unjoin_cent_sums(rs3, rs2)",1670
"unjoin_cent_sums(rs3, rs1)",1665
"unjoin_cent_sums(rs3, rs1)",1729
"unjoin_cent_sums(rs3, rs1)",1670
"unjoin_cent_sums(rs3, rs1)",1666
"unjoin_cent_sums(rs3, rs1)",1661
"unjoin_cent_sums(rs3, rs2)",1843
"join_cent_sums(rs1, rs2)",1791
"unjoin_cent_sums(rs3, rs1)",1764
"unjoin_cent_sums(rs3, rs2)",1724
"unjoin_cent_sums(rs3, rs2)",1667
"join_cent_sums(rs1, rs2)",1794
"unjoin_cent_sums(rs3, rs1)",1673
"unjoin_cent_sums(rs3, rs1)",1679
"unjoin_cent_sums(rs3, rs1)",1682
"join_cent_sums(rs1, rs2)",1886
"join_cent_sums(rs1, rs2)",1759
"unjoin_cent_sums(rs3, rs1)",1681
"join_cent_sums(rs1, rs2)",1794
"unjoin_cent_sums(rs3, rs1)",1674
"join_cent_sums(rs1, rs2)",1784
"join_cent_sums(rs1, rs2)",1829
"unjoin_cent_sums(rs3, rs1)",1685
"unjoin_cent_sums(rs3, rs1)",1657
"unjoin_cent_sums(rs3, rs2)",1663
"join_cent_sums(rs1, rs2)",1803
"unjoin_cent_sums(rs3, rs1)",1699
"unjoin_cent_sums(rs3, rs1)",1717
"join_cent_sums(rs1, rs2)",1833
"unjoin_cent_sums(rs3, rs2)",1714
"unjoin_cent_sums(rs3, rs2)",1724
"unjoin_cent_sums(rs3, rs1)",1664
"join_cent_sums(rs1, rs2)",1775
"join_cent_sums(rs1, rs2)",1749
"join_cent_sums(rs1, rs2)",1777
"join_cent_sums(rs1, rs2)",1746
"join_cent_sums(rs1, rs2)",1754
"unjoin_cent_sums(rs3, rs2)",1733
"join_cent_sums(rs1, rs2)",1766
"unjoin_cent_sums(rs3, rs1)",1691
"unjoin_cent_sums(rs3, rs1)",1662
"join_cent_sums(rs1, rs2)",1790
"join_cent_sums(rs1, rs2)",1791
"unjoin_cent_sums(rs3, rs2)",1713
"join_cent_sums(rs1, rs2)",1741
"join_cent_sums(rs1, rs2)",1870
"unjoin_cent_sums(rs3, rs2)",1815
"unjoin_cent_sums(rs3, rs2)",1681
"unjoin_cent_sums(rs3, rs1)",1681
"join_cent_sums(rs1, rs2)",1848
mobj3 %-% mobj1,70280
"as.centcosums(x1, max_ord)",86391
"as.centcosums(x1, max_ord)",54662
"as.centcosums(x1, max_ord)",51330
mobj3 %-% mobj1,20372
mobj3 %-% mobj1,17755
"as.centcosums(x1, max_ord)",50560
"as.centcosums(x1, max_ord)",50244
mobj3 %-% mobj1,18847
mobj3 %-% mobj1,16457
mobj3 %-% mobj1,15512
"as.centcosums(x1, max_ord)",50109
"as.centcosums(x1, max_ord)",49035
"as.centcosums(x1, max_ord)",48104
"as.centcosums(x1, max_ord)",49051
mobj3 %-% mobj1,18218
mobj3 %-% mobj1,16383
mobj3 %-% mobj1,15895
mobj3 %-% mobj1,15446
"as.centcosums(x1, max_ord)",49795
"as.centcosums(x1, max_ord)",48745
mobj3 %-% mobj1,18226
mobj3 %-% mobj1,15701
mobj3 %-% mobj1,16518
"as.centcosums(x1, max_ord)",48542
"as.centcosums(x1, max_ord)",47853
mobj3 %-% mobj1,17703
"as.centcosums(x1, max_ord)",48118
"as.centcosums(x1, max_ord)",48306
"as.centcosums(x1, max_ord)",47630
mobj3 %-% mobj1,17830
"as.centcosums(x1, max_ord)",48743
mobj3 %-% mobj1,17392
"as.centcosums(x1, max_ord)",47314
mobj3 %-% mobj1,17241
mobj3 %-% mobj1,15930
mobj3 %-% mobj1,15644
"as.centcosums(x1, max_ord)",49099
"as.centcosums(x1, max_ord)",47537
mobj3 %-% mobj1,18292
mobj3 %-% mobj1,15523
mobj3 %-% mobj1,15708
mobj3 %-% mobj1,15465
mobj3 %-% mobj1,15669
mobj3 %-% mobj1,15804
"as.centcosums(x1, max_ord)",48981
mobj3 %-% mobj1,17159
mobj3 %-% mobj1,15725
mobj3 %-% mobj1,15663
"as.centcosums(x1, max_ord)",49415
mobj3 %-% mobj1,17310
mobj3 %-% mobj1,40734
"as.centcosums(x1, max_ord)",50591
"as.centcosums(x1, max_ord)",48922
mobj3 %-% mobj1,17674
"as.centcosums(x1, max_ord)",48769
"as.centcosums(x1, max_ord)",48628
mobj3 %-% mobj1,17883
mobj3 %-% mobj1,15442
"as.centcosums(x1, max_ord)",48461
mobj3 %-% mobj1,18005
"as.centcosums(x1, max_ord)",48919
mobj3 %-% mobj1,17517
"as.centcosums(x1, max_ord)",48126
mobj3 %-% mobj1,17170
"as.centcosums(x1, max_ord)",48805
"as.centcosums(x1, max_ord)",48503
"as.centcosums(x1, max_ord)",48649
mobj3 %-% mobj1,17823
mobj3 %-% mobj1,16256
mobj3 %-% mobj1,16430
mobj3 %-% mobj1,15391
mobj3 %-% mobj1,16357
"as.centcosums(x1, max_ord)",53807
"as.centcosums(x1, max_ord)",50784
"as.centcosums(x1, max_ord)",48226
mobj3 %-% mobj1,18259
mobj3 %-% mobj1,15682
mobj3 %-% mobj1,16113
mobj3 %-% mobj1,16136
mobj3 %-% mobj1,15665
mobj3 %-% mobj1,16173
"as.centcosums(x1, max_ord)",49638
"as.centcosums(x1, max_ord)",48110
mobj3 %-% mobj1,17406
mobj3 %-% mobj1,15825
"as.centcosums(x1, max_ord)",49158
mobj3 %-% mobj1,17910
mobj3 %-% mobj1,16521
"as.centcosums(x1, max_ord)",49207
"as.centcosums(x1, max_ord)",49134
mobj3 %-% mobj1,17491
"as.centcosums(x1, max_ord)",49208
"as.centcosums(x1, max_ord)",49114
"as.centcosums(x1, max_ord)",49226
mobj3 %-% mobj1,18427
"as.centcosums(x1, max_ord)",47635
"as.centcosums(x1, max_ord)",49272
"as.centcosums(x1, max_ord)",49235
"as.centcosums(x1, max_ord)",48655
mobj3 %-% mobj1,17805
mobj3 %-% mobj1,16576
"as.centcosums(x1, max_ord)",47800
mobj3 %-% mobj1,17747
"as.centcosums(x1, max_ord)",48503
mobj3 %-% mobj1,18191
"as.centcosums(x1, max_ord)",48559
mobj3 %-% mobj1,17685
mobj3 %-% mobj1,16752
"as.centcosums(x1, max_ord)",49410
"as.centcosums(x1, max_ord)",48412
mobj3 %-% mobj1,17119
mobj3 %-% mobj1,16610
mobj3 %-% mobj1,15475
mobj3 %-% mobj1,16324
"as.centcosums(x1, max_ord)",49291
mobj3 %-% mobj1,18371
mobj3 %-% mobj1,16297
"as.centcosums(x1, max_ord)",48379
"as.centcosums(x1, max_ord)",49014
"as.centcosums(x1, max_ord)",49039
mobj3 %-% mobj1,17928
"as.centcosums(x1, max_ord)",49045
mobj3 %-% mobj1,17713
"as.centcosums(x1, max_ord)",48944
mobj3 %-% mobj1,17535
"as.centcosums(x1, max_ord)",49346
mobj3 %-% mobj1,17547
"as.centcosums(x1, max_ord)",48228
"as.centcosums(x1, max_ord)",48870
"as.centcosums(x1, max_ord)",48036
"as.centcosums(x1, max_ord)",48405
"as.centcosums(x1, max_ord)",47659
"as.centcosums(x1, max_ord)",48675
mobj3 %-% mobj1,17384
"as.centcosums(x1, max_ord)",49377
"as.centcosums(x1, max_ord)",47923
mobj3 %-% mobj1,17743
mobj3 %-% mobj1,16293
mobj3 %-% mobj1,16044
mobj3 %-% mobj1,15949
"as.centcosums(x1, max_ord)",48914
mobj3 %-% mobj1,18028
"as.centcosums(x1, max_ord)",47559
mobj3 %-% mobj1,17302
"as.centcosums(x1, max_ord)",48590
"as.centcosums(x1, max_ord)",47853
mobj3 %-% mobj1,17753
"as.centcosums(x1, max_ord)",48466
mobj3 %-% mobj1,17549
"as.centcosums(x1, max_ord)",49556
"as.centcosums(x1, max_ord)",49343
"as.centcosums(x1, max_ord)",48813
mobj3 %-% mobj1,17741
"as.centcosums(x1, max_ord)",48944
mobj3 %-% mobj1,18258
"as.centcosums(x1, max_ord)",48008
"as.centcosums(x1, max_ord)",48911
"as.centcosums(x1, max_ord)",49049
mobj3 %-% mobj1,17605
mobj3 %-% mobj1,17143
"as.centcosums(x1, max_ord)",48657
mobj3 %-% mobj1,18055
mobj3 %-% mobj1,16152
"as.centcosums(x1, max_ord)",49933
mobj3 %-% mobj1,17806
mobj3 %-% mobj1,16927
"as.centcosums(x1, max_ord)",48428
"as.centcosums(x1, max_ord)",48781
"as.centcosums(x1, max_ord)",49135
"as.centcosums(x1, max_ord)",48175
"as.centcosums(x1, max_ord)",48050
mobj3 %-% mobj1,18382
mobj3 %-% mobj1,16203
"as.centcosums(x1, max_ord)",48466
mobj3 %-% mobj1,17793
mobj3 %-% mobj1,17499
mobj3 %-% mobj1,15793
mobj3 %-% mobj1,16516
"as.centcosums(x1, max_ord)",49264
"as.centcosums(x1, max_ord)",50038
"as.centcosums(x1, max_ord)",48978
mobj3 %-% mobj1,17369
"as.centcosums(x1, max_ord)",47849
"as.centcosums(x1, max_ord)",49011
mobj3 %-% mobj1,17833
mobj3 %-% mobj1,15597
"as.centcosums(x1, max_ord)",48649
"as.centcosums(x1, max_ord)",49363
mobj3 %-% mobj1,18047
mobj3 %-% mobj1,16431
"as.centcosums(x1, max_ord)",48985
mobj3 %-% mobj1,22726
"as.centcosums(x1, max_ord)",49947
"as.centcosums(x1, max_ord)",48996
"as.centcosums(x1, max_ord)",48602
mobj3 %-% mobj1,18117
"as.centcosums(x1, max_ord)",48686
mobj3 %-% mobj1,17876
"as.centcosums(x1, max_ord)",48426
"running_apx_median(x, wins)",13634663
"RcppRoll::roll_mean(xm, n = wins, align = ""right"", fill = NA)",337783
"running_sharpe(x, wins)",437950
"running_zscored(x, wins)",397965
"running_sharpe(x, wins)",392456
"running_sd(x, wins, na_rm = FALSE, restart_period = 50000L)",175962
"running_scaled(x, wins)",405307
"silly_fun(x, wins, sum, na.rm = FALSE)",21286134
"RcppRoll::roll_mean(xm, n = wins, align = ""right"", fill = NA)",240820
"roll::roll_sd(xm, wins)",1193237
"running_sd(x, wins, na_rm = TRUE, restart_period = 1000L)",216659
"silly_fun(x, wins, mean, na.rm = FALSE)",47207641
"running_sum(x, wins)",189297
"roll::roll_sd(xm, wins)",490154
"running_scaled(x, wins)",382198
"running_sum(x, wins)",119845
"running_kurt5(x, wins)",4860442
"roll::roll_sd(xm, wins)",445732
"running_sharpe(x, wins)",397393
"silly_fun(x, wins, sum, na.rm = FALSE)",32564100
"running_sd3(x, wins)",510392
"running_kurt(x, wins)",4452314
"running_centered(x, wins)",1002716
"roll::roll_mean(xm, wins)",158845
"RcppRoll::roll_sum(xm, n = wins, align = ""right"", fill = NA)",219938
"running_apx_median(x, wins)",13655430
"running_apx_median(x, wins)",13819059
"running_sd3(x, wins)",431958
"running_kurt(x, wins)",4423690
"running_skew(x, wins)",4197640
"running_kurt(x, wins)",4610062
"running_zscored(x, wins)",378801
"running_skew4(x, wins)",4300262
"RcppRoll::roll_mean(xm, n = wins, align = ""right"", fill = NA)",189675
"running_zscored(x, wins)",378584
"RcppRoll::roll_sum(xm, n = wins, align = ""right"", fill = NA)",162417
"running_skew(x, wins)",4192071
"running_tstat(x, wins)",430144
"running_kurt5(x, wins)",4946931
"running_kurt(x, wins)",4438277
"running_apx_median(x, wins)",13808758
"RcppRoll::roll_mean(xm, n = wins, align = ""right"", fill = NA)",167571
"running_apx_median(x, wins)",13758118
"silly_fun(x, wins, mean, na.rm = FALSE)",45174336
"silly_fun(x, wins, mean, na.rm = FALSE)",50345937
"running_scaled(x, wins)",419672
"running_tstat(x, wins)",425257
"running_kurt5(x, wins)",4813444
"running_zscored(x, wins)",407383
"running_kurt(x, wins)",4442469
"running_scaled(x, wins)",404155
"running_sd(x, wins, na_rm = TRUE, restart_period = 1000L)",214917
"roll::roll_sum(xm, wins)",186607
"silly_fun(x, wins, sum, na.rm = FALSE)",27594668
"running_sd(x, wins, na_rm = TRUE, restart_period = 1000L)",217825
"running_kurt(x, wins)",4422238
"running_mean(x, wins)",159087
"running_scaled(x, wins)",378882
"RcppRoll::roll_mean(xm, n = wins, align = ""right"", fill = NA)",222346
"running_skew(x, wins)",4195601
"running_sd(x, wins, na_rm = FALSE, restart_period = 50000L)",147763
"running_mean(x, wins)",102059
"running_tstat(x, wins)",395041
"running_skew(x, wins)",4160788
"RcppRoll::roll_sum(xm, n = wins, align = ""right"", fill = NA)",181970
"running_scaled(x, wins)",383734
"roll::roll_mean(xm, wins)",179999
"RcppRoll::roll_sd(xm, n = wins, align = ""right"", fill = NA)",232988
"silly_fun(x, wins, sum, na.rm = FALSE)",17191764
"running_sd(x, wins, na_rm = TRUE, restart_period = 1000L)",216617
"running_kurt5(x, wins)",4743018
"roll::roll_sum(xm, wins)",130509
"RcppRoll::roll_mean(xm, n = wins, align = ""right"", fill = NA)",211609
"running_sd3(x, wins)",441834
"running_kurt(x, wins)",4424583
"running_mean(x, wins)",103979
"running_sharpe(x, wins)",423906
"running_mean(x, wins)",101340
"RcppRoll::roll_sum(xm, n = wins, align = ""right"", fill = NA)",176184
"running_sharpe(x, wins)",399867
"running_kurt5(x, wins)",4718187
"RcppRoll::roll_sd(xm, n = wins, align = ""right"", fill = NA)",230666
"roll::roll_mean(xm, wins)",144343
"running_skew4(x, wins)",4188465
"running_skew4(x, wins)",4164071
"running_scaled(x, wins)",375988
"RcppRoll::roll_sd(xm, n = wins, align = ""right"", fill = NA)",235287
"running_sharpe(x, wins)",401639
"roll::roll_sum(xm, wins)",101487
"running_sharpe(x, wins)",393009
"roll::roll_sd(xm, wins)",409468
"running_sharpe(x, wins)",392026
"running_sharpe(x, wins)",394134
"silly_fun(x, wins, sum, na.rm = FALSE)",127638287
"running_mean(x, wins)",123079
"RcppRoll::roll_sum(xm, n = wins, align = ""right"", fill = NA)",230898
"running_centered(x, wins)",991033
"roll::roll_mean(xm, wins)",158441
"running_apx_median(x, wins)",13665340
"roll::roll_mean(xm, wins)",136948
"silly_fun(x, wins, mean, na.rm = FALSE)",44997899
"running_tstat(x, wins)",416101
"silly_fun(x, wins, sum, na.rm = FALSE)",17113370
"roll::roll_sum(xm, wins)",127827
"silly_fun(x, wins, mean, na.rm = FALSE)",54360607
"running_sharpe(x, wins)",418269
"running_zscored(x, wins)",378229
"running_tstat(x, wins)",395644
"running_skew(x, wins)",4167589
"running_centered(x, wins)",977373
"running_apx_median(x, wins)",13560192
"running_sd(x, wins, na_rm = FALSE, restart_period = 50000L)",148462
"roll::roll_mean(xm, wins)",162119
"running_sd3(x, wins)",434918
"running_tstat(x, wins)",390398
"silly_fun(x, wins, sum, na.rm = FALSE)",17079410
"running_tstat(x, wins)",412978
"running_kurt5(x, wins)",4735612
"running_skew4(x, wins)",4169630
"running_sum(x, wins)",105655
"running_tstat(x, wins)",393425
"running_skew4(x, wins)",4167622
"roll::roll_sd(xm, wins)",421873
"roll::roll_sd(xm, wins)",383148
"running_skew4(x, wins)",4167582
"running_sd(x, wins, na_rm = FALSE, restart_period = 50000L)",144784
"roll::roll_sd(xm, wins)",389514
"running_centered(x, wins)",971521
"RcppRoll::roll_sum(xm, n = wins, align = ""right"", fill = NA)",225387
"RcppRoll::roll_sum(xm, n = wins, align = ""right"", fill = NA)",209284
"running_zscored(x, wins)",383782
"running_centered(x, wins)",975260
"running_mean(x, wins)",103413
"RcppRoll::roll_mean(xm, n = wins, align = ""right"", fill = NA)",165893
"RcppRoll::roll_mean(xm, n = wins, align = ""right"", fill = NA)",148312
"silly_fun(x, wins, mean, na.rm = FALSE)",46509939
"roll::roll_sum(xm, wins)",131999
"running_tstat(x, wins)",403273
"roll::roll_sum(xm, wins)",96375
"running_scaled(x, wins)",377901
"running_sd(x, wins, na_rm = TRUE, restart_period = 1000L)",198810
"running_sharpe(x, wins)",398774
"running_apx_median(x, wins)",13702927
"running_apx_median(x, wins)",13535103
"silly_fun(x, wins, mean, na.rm = FALSE)",53887892
"running_sharpe(x, wins)",420874
"running_skew4(x, wins)",4172923
"running_tstat(x, wins)",406808
"roll::roll_mean(xm, wins)",165924
"running_sharpe(x, wins)",396801
"silly_fun(x, wins, sum, na.rm = FALSE)",17049523
"running_kurt(x, wins)",4442503
"roll::roll_sd(xm, wins)",418354
"running_apx_median(x, wins)",13552486
"running_zscored(x, wins)",378463
"roll::roll_mean(xm, wins)",136102
"RcppRoll::roll_sum(xm, n = wins, align = ""right"", fill = NA)",225175
"running_sd(x, wins, na_rm = TRUE, restart_period = 1000L)",207728
"running_apx_median(x, wins)",13598711
"running_sd(x, wins, na_rm = FALSE, restart_period = 50000L)",147753
"running_tstat(x, wins)",394256
"running_skew4(x, wins)",4168295
"running_sd3(x, wins)",432775
"running_sum(x, wins)",103328
"roll::roll_sum(xm, wins)",108425
"roll::roll_sd(xm, wins)",380451
"RcppRoll::roll_sum(xm, n = wins, align = ""right"", fill = NA)",184470
"running_sd(x, wins, na_rm = FALSE, restart_period = 50000L)",151955
"RcppRoll::roll_sum(xm, n = wins, align = ""right"", fill = NA)",196243
"running_skew(x, wins)",4206561
"silly_fun(x, wins, sum, na.rm = FALSE)",24745523
"RcppRoll::roll_mean(xm, n = wins, align = ""right"", fill = NA)",223079
"running_centered(x, wins)",996373
"running_sum(x, wins)",104914
"running_sharpe(x, wins)",399444
"running_sharpe(x, wins)",399784
"running_kurt(x, wins)",4441602
"running_centered(x, wins)",970899
"running_skew(x, wins)",4184377
"running_skew(x, wins)",4180664
"silly_fun(x, wins, sum, na.rm = FALSE)",17094636
"roll::roll_sd(xm, wins)",436255
"running_mean(x, wins)",110805
"roll::roll_mean(xm, wins)",134905
"running_scaled(x, wins)",381358
"running_tstat(x, wins)",402020
"running_sd3(x, wins)",431669
"running_sharpe(x, wins)",397974
"running_sharpe(x, wins)",394731
"RcppRoll::roll_mean(xm, n = wins, align = ""right"", fill = NA)",226363
"running_skew(x, wins)",4198295
"running_sd(x, wins, na_rm = FALSE, restart_period = 50000L)",149192
"running_tstat(x, wins)",394262
"RcppRoll::roll_sum(xm, n = wins, align = ""right"", fill = NA)",175450
"running_scaled(x, wins)",383094
"running_scaled(x, wins)",375419
"running_sd3(x, wins)",428568
"running_skew4(x, wins)",4217500
"running_skew4(x, wins)",4169085
"running_sd(x, wins, na_rm = TRUE, restart_period = 1000L)",198682
"running_sd(x, wins, na_rm = FALSE, restart_period = 50000L)",145222
"running_kurt5(x, wins)",4734862
"RcppRoll::roll_sd(xm, n = wins, align = ""right"", fill = NA)",238463
"running_centered(x, wins)",979069
"running_skew4(x, wins)",4164863
"roll::roll_sum(xm, wins)",107838
"running_skew(x, wins)",4179668
"silly_fun(x, wins, sum, na.rm = FALSE)",17137672
"running_mean(x, wins)",118397
"running_apx_median(x, wins)",13578160
"running_kurt(x, wins)",4418459
"running_zscored(x, wins)",378243
"running_skew(x, wins)",4161064
"RcppRoll::roll_sum(xm, n = wins, align = ""right"", fill = NA)",218785
"running_scaled(x, wins)",386798
"running_skew4(x, wins)",4191017
"running_sd3(x, wins)",435386
"roll::roll_sd(xm, wins)",416378
"RcppRoll::roll_sd(xm, n = wins, align = ""right"", fill = NA)",247447
"running_scaled(x, wins)",384871
"running_zscored(x, wins)",379778
"running_sum(x, wins)",102318
"silly_fun(x, wins, sum, na.rm = FALSE)",24114182
"silly_fun(x, wins, mean, na.rm = FALSE)",45750804
"roll::roll_mean(xm, wins)",176441
"running_kurt5(x, wins)",4780091
"roll::roll_sd(xm, wins)",397798
"running_sharpe(x, wins)",399549
"running_centered(x, wins)",973383
"running_sd3(x, wins)",431740
"running_scaled(x, wins)",378825
"running_centered(x, wins)",970803
"running_zscored(x, wins)",402325
"running_kurt(x, wins)",4481175
"running_tstat(x, wins)",396602
"RcppRoll::roll_sum(xm, n = wins, align = ""right"", fill = NA)",214400
"RcppRoll::roll_sum(xm, n = wins, align = ""right"", fill = NA)",162461
"running_skew4(x, wins)",4194223
"silly_fun(x, wins, mean, na.rm = FALSE)",49728713
"running_sd3(x, wins)",7503211
"running_mean(x, wins)",116275
"RcppRoll::roll_sum(xm, n = wins, align = ""right"", fill = NA)",223061
"RcppRoll::roll_sum(xm, n = wins, align = ""right"", fill = NA)",170250
"roll::roll_sd(xm, wins)",448925
"running_scaled(x, wins)",392318
"roll::roll_sd(xm, wins)",384868
"running_skew(x, wins)",4186028
"running_tstat(x, wins)",395252
"RcppRoll::roll_sd(xm, n = wins, align = ""right"", fill = NA)",231761
"running_kurt5(x, wins)",4741472
"running_zscored(x, wins)",379681
"running_kurt(x, wins)",4437272
"running_mean(x, wins)",102390
"RcppRoll::roll_mean(xm, n = wins, align = ""right"", fill = NA)",161945
"running_kurt(x, wins)",4437754
"running_sd3(x, wins)",433903
"silly_fun(x, wins, sum, na.rm = FALSE)",17368250
"RcppRoll::roll_sum(xm, n = wins, align = ""right"", fill = NA)",217436
"roll::roll_mean(xm, wins)",168873
"RcppRoll::roll_mean(xm, n = wins, align = ""right"", fill = NA)",176916
"roll::roll_sum(xm, wins)",101942
"running_mean(x, wins)",108740
"running_tstat(x, wins)",397945
"running_centered(x, wins)",977849
"running_sum(x, wins)",103416
"RcppRoll::roll_sd(xm, n = wins, align = ""right"", fill = NA)",264706
"running_kurt(x, wins)",4454573
"roll::roll_sd(xm, wins)",390542
"roll::roll_sum(xm, wins)",87852
"silly_fun(x, wins, mean, na.rm = FALSE)",45449136
"roll::roll_sum(xm, wins)",142044
"running_sd(x, wins, na_rm = FALSE, restart_period = 50000L)",156705
"running_apx_median(x, wins)",13675867
"silly_fun(x, wins, mean, na.rm = FALSE)",53384445
"running_skew(x, wins)",4193731
"RcppRoll::roll_sd(xm, n = wins, align = ""right"", fill = NA)",290435
"RcppRoll::roll_mean(xm, n = wins, align = ""right"", fill = NA)",179832
"running_scaled(x, wins)",387526
"running_mean(x, wins)",104425
"running_sd3(x, wins)",430818
"roll::roll_mean(xm, wins)",160130
"roll::roll_sd(xm, wins)",413662
"roll::roll_sum(xm, wins)",90919
"RcppRoll::roll_mean(xm, n = wins, align = ""right"", fill = NA)",171166
"roll::roll_sum(xm, wins)",89630
"RcppRoll::roll_mean(xm, n = wins, align = ""right"", fill = NA)",150300
"silly_fun(x, wins, sum, na.rm = FALSE)",17169606
"roll::roll_mean(xm, wins)",176268
"running_kurt5(x, wins)",4760774
"roll::roll_mean(xm, wins)",141615
"silly_fun(x, wins, mean, na.rm = FALSE)",45548270
"running_kurt(x, wins)",4442446
"silly_fun(x, wins, sum, na.rm = FALSE)",27938886
"running_sd(x, wins, na_rm = FALSE, restart_period = 50000L)",167617
"running_zscored(x, wins)",379942
"running_zscored(x, wins)",374096
"running_apx_median(x, wins)",13561983
"roll::roll_sum(xm, wins)",133927
"silly_fun(x, wins, sum, na.rm = FALSE)",17290144
"running_sd3(x, wins)",452643
"running_tstat(x, wins)",398838
"roll::roll_mean(xm, wins)",158134
"RcppRoll::roll_sd(xm, n = wins, align = ""right"", fill = NA)",284254
"running_kurt5(x, wins)",4751163
"running_kurt(x, wins)",4420334
"running_scaled(x, wins)",381105
"running_tstat(x, wins)",393111
"running_skew(x, wins)",4184467
"silly_fun(x, wins, sum, na.rm = FALSE)",17033667
"RcppRoll::roll_sd(xm, n = wins, align = ""right"", fill = NA)",289341
"running_mean(x, wins)",118732
"roll::roll_mean(xm, wins)",153257
"running_kurt5(x, wins)",11354439
"running_kurt(x, wins)",4420824
"running_sd3(x, wins)",431229
"running_scaled(x, wins)",381185
"running_sd(x, wins, na_rm = FALSE, restart_period = 50000L)",148416
"RcppRoll::roll_sd(xm, n = wins, align = ""right"", fill = NA)",249690
"silly_fun(x, wins, mean, na.rm = FALSE)",45129293
"running_sd(x, wins, na_rm = FALSE, restart_period = 50000L)",172044
"running_skew(x, wins)",4193288
"RcppRoll::roll_sd(xm, n = wins, align = ""right"", fill = NA)",277159
"RcppRoll::roll_mean(xm, n = wins, align = ""right"", fill = NA)",171057
"running_centered(x, wins)",981726
"running_kurt(x, wins)",4451121
"roll::roll_sum(xm, wins)",129481
"running_kurt5(x, wins)",4749694
"running_centered(x, wins)",969096
"running_scaled(x, wins)",406226
"running_apx_median(x, wins)",13592624
"running_sum(x, wins)",104547
"running_skew(x, wins)",4164102
"running_sd(x, wins, na_rm = FALSE, restart_period = 50000L)",147656
"roll::roll_mean(xm, wins)",143323
"running_skew(x, wins)",4158660
"running_mean(x, wins)",104138
"running_sum(x, wins)",101095
"running_scaled(x, wins)",376692
"roll::roll_sd(xm, wins)",395175
"running_sharpe(x, wins)",397953
"running_kurt(x, wins)",4416856
"running_sd(x, wins, na_rm = TRUE, restart_period = 1000L)",196395
"roll::roll_sd(xm, wins)",390540
"running_skew4(x, wins)",4169439
"RcppRoll::roll_sd(xm, n = wins, align = ""right"", fill = NA)",238947
"running_kurt5(x, wins)",4717593
"running_sum(x, wins)",103640
"running_tstat(x, wins)",395248
"running_zscored(x, wins)",374203
"running_kurt5(x, wins)",4713642
"silly_fun(x, wins, sum, na.rm = FALSE)",17147354
"roll::roll_mean(xm, wins)",164314
"running_sd3(x, wins)",444454
"running_scaled(x, wins)",381125
"running_sd3(x, wins)",429721
"silly_fun(x, wins, sum, na.rm = FALSE)",24436689
"RcppRoll::roll_sd(xm, n = wins, align = ""right"", fill = NA)",290624
"silly_fun(x, wins, mean, na.rm = FALSE)",44939479
"running_skew(x, wins)",4195951
"running_sd(x, wins, na_rm = TRUE, restart_period = 1000L)",201564
"running_scaled(x, wins)",381311
"RcppRoll::roll_sd(xm, n = wins, align = ""right"", fill = NA)",280482
"running_apx_median(x, wins)",13940599
"running_kurt(x, wins)",4421934
"silly_fun(x, wins, sum, na.rm = FALSE)",17339242
"running_sharpe(x, wins)",412684
"running_tstat(x, wins)",397146
"running_sd(x, wins, na_rm = FALSE, restart_period = 50000L)",148551
"roll::roll_sd(xm, wins)",412166
"running_kurt5(x, wins)",4724800
"running_tstat(x, wins)",390594
"roll::roll_sum(xm, wins)",101675
"running_skew4(x, wins)",4166393
"running_zscored(x, wins)",373156
"RcppRoll::roll_sum(xm, n = wins, align = ""right"", fill = NA)",237419
"running_zscored(x, wins)",380500
"running_mean(x, wins)",103412
"running_apx_median(x, wins)",13614273
"roll::roll_mean(xm, wins)",138166
"silly_fun(x, wins, sum, na.rm = FALSE)",25691270
"RcppRoll::roll_sd(xm, n = wins, align = ""right"", fill = NA)",304071
"silly_fun(x, wins, sum, na.rm = FALSE)",17221101
"running_scaled(x, wins)",400385
"running_skew4(x, wins)",4207106
"roll::roll_sd(xm, wins)",424558
"roll::roll_sum(xm, wins)",95241
"roll::roll_mean(xm, wins)",121416
"running_zscored(x, wins)",379385
"running_kurt5(x, wins)",4737736
"running_sharpe(x, wins)",425531
"running_sum(x, wins)",103611
"running_tstat(x, wins)",394646
"running_zscored(x, wins)",374638
"running_sharpe(x, wins)",395283
"running_sd3(x, wins)",431910
"running_sum(x, wins)",101924
"running_mean(x, wins)",102708
"roll::roll_mean(xm, wins)",129265
"running_mean(x, wins)",98126
"running_scaled(x, wins)",376171
"roll::roll_sum(xm, wins)",87573
"roll::roll_sum(xm, wins)",84500
"running_sd3(x, wins)",431998
"RcppRoll::roll_sum(xm, n = wins, align = ""right"", fill = NA)",214841
"running_scaled(x, wins)",412386
"running_sharpe(x, wins)",396224
"running_kurt5(x, wins)",4720659
"running_sharpe(x, wins)",394833
"running_sd(x, wins, na_rm = FALSE, restart_period = 50000L)",147585
"running_sum(x, wins)",101983
"roll::roll_mean(xm, wins)",128505
"running_sd(x, wins, na_rm = TRUE, restart_period = 1000L)",192377
"silly_fun(x, wins, mean, na.rm = FALSE)",51930922
"roll::roll_sum(xm, wins)",134702
"RcppRoll::roll_sd(xm, n = wins, align = ""right"", fill = NA)",278008
"silly_fun(x, wins, mean, na.rm = FALSE)",44953211
"running_sum(x, wins)",121499
"running_kurt5(x, wins)",4735363
"running_sharpe(x, wins)",402000
"running_kurt5(x, wins)",4716969
"running_scaled(x, wins)",382027
"running_centered(x, wins)",976073
"roll::roll_sum(xm, wins)",136181
"running_skew(x, wins)",4164744
"running_skew(x, wins)",4160013
"running_skew(x, wins)",4157172
"running_scaled(x, wins)",378740
"RcppRoll::roll_mean(xm, n = wins, align = ""right"", fill = NA)",227938
"running_tstat(x, wins)",401364
"RcppRoll::roll_sd(xm, n = wins, align = ""right"", fill = NA)",234484
"RcppRoll::roll_sum(xm, n = wins, align = ""right"", fill = NA)",154696
"running_kurt(x, wins)",4460802
"running_mean(x, wins)",104369
"running_zscored(x, wins)",377128
"running_kurt(x, wins)",4444236
"running_scaled(x, wins)",379667
"roll::roll_mean(xm, wins)",147312
"running_scaled(x, wins)",375511
"running_sd(x, wins, na_rm = FALSE, restart_period = 50000L)",147595
"RcppRoll::roll_sum(xm, n = wins, align = ""right"", fill = NA)",159995
"running_zscored(x, wins)",378247
"running_scaled(x, wins)",414403
"silly_fun(x, wins, mean, na.rm = FALSE)",48527662
"running_apx_median(x, wins)",13590878
"running_kurt(x, wins)",4461404
"running_kurt5(x, wins)",4720424
"running_skew4(x, wins)",4181176
"running_scaled(x, wins)",384267
"running_zscored(x, wins)",379465
"running_scaled(x, wins)",377058
"roll::roll_mean(xm, wins)",159706
"running_skew4(x, wins)",4168092
"running_skew(x, wins)",4161414
"running_skew4(x, wins)",4164654
"running_scaled(x, wins)",378658
"running_sharpe(x, wins)",396990
"silly_fun(x, wins, sum, na.rm = FALSE)",25415797
"running_sd(x, wins, na_rm = FALSE, restart_period = 50000L)",163836
"running_apx_median(x, wins)",13542045
"running_sd(x, wins, na_rm = TRUE, restart_period = 1000L)",197460
"running_zscored(x, wins)",376625
"running_sd(x, wins, na_rm = FALSE, restart_period = 50000L)",145342
"RcppRoll::roll_sum(xm, n = wins, align = ""right"", fill = NA)",224655
"running_tstat(x, wins)",401216
"running_mean(x, wins)",103815
"running_tstat(x, wins)",392670
"RcppRoll::roll_sum(xm, n = wins, align = ""right"", fill = NA)",172240
"running_kurt5(x, wins)",4770317
"running_sd(x, wins, na_rm = FALSE, restart_period = 50000L)",147525
"roll::roll_sum(xm, wins)",124046
"running_centered(x, wins)",971118
"running_sd(x, wins, na_rm = TRUE, restart_period = 1000L)",194447
"running_skew(x, wins)",4183833
"running_sd(x, wins, na_rm = TRUE, restart_period = 1000L)",194118
"silly_fun(x, wins, mean, na.rm = FALSE)",45259918
"roll::roll_sum(xm, wins)",141943
"running_kurt5(x, wins)",4737737
"roll::roll_sum(xm, wins)",101975
"running_skew4(x, wins)",4174238
"roll::roll_sd(xm, wins)",386823
"running_kurt5(x, wins)",4715574
"running_skew(x, wins)",4162306
"running_centered(x, wins)",976569
"roll::roll_sum(xm, wins)",93778
"roll::roll_sum(xm, wins)",84084
"running_skew4(x, wins)",4165914
"silly_fun(x, wins, sum, na.rm = FALSE)",24883145
"running_zscored(x, wins)",423487
"running_sd3(x, wins)",440180
"RcppRoll::roll_sd(xm, n = wins, align = ""right"", fill = NA)",286116
"running_kurt5(x, wins)",4757880
"running_zscored(x, wins)",377558
"running_kurt(x, wins)",4420675
"running_sharpe(x, wins)",397027
"running_sum(x, wins)",102248
"roll::roll_mean(xm, wins)",155320
"RcppRoll::roll_sum(xm, n = wins, align = ""right"", fill = NA)",180631
"running_mean(x, wins)",103403
"running_sd(x, wins, na_rm = TRUE, restart_period = 1000L)",198162
"running_tstat(x, wins)",418837
"silly_fun(x, wins, sum, na.rm = FALSE)",17314123
"RcppRoll::roll_mean(xm, n = wins, align = ""right"", fill = NA)",223295
"running_tstat(x, wins)",412030
"running_skew4(x, wins)",4198394
"running_kurt5(x, wins)",4715265
"silly_fun(x, wins, sum, na.rm = FALSE)",17201976
"running_apx_median(x, wins)",13671738
"running_sd3(x, wins)",434196
"RcppRoll::roll_sum(xm, n = wins, align = ""right"", fill = NA)",220093
"running_kurt(x, wins)",4534334
"running_zscored(x, wins)",378354
"roll::roll_mean(xm, wins)",160326
"running_sum(x, wins)",102159
"running_kurt5(x, wins)",4884658
"running_mean(x, wins)",103898
"running_sd3(x, wins)",429743
"running_skew(x, wins)",4164068
"running_sd(x, wins, na_rm = TRUE, restart_period = 1000L)",197853
"running_tstat(x, wins)",394365
"roll::roll_mean(xm, wins)",138925
"roll::roll_mean(xm, wins)",124459
"silly_fun(x, wins, mean, na.rm = FALSE)",52704340
"running_sum(x, wins)",117062
"running_skew(x, wins)",4172921
"RcppRoll::roll_sum(xm, n = wins, align = ""right"", fill = NA)",222137
"running_sd(x, wins, na_rm = TRUE, restart_period = 1000L)",204922
"running_zscored(x, wins)",377233
"running_zscored(x, wins)",401004
"roll::roll_sum(xm, wins)",125203
"running_sd3(x, wins)",432544
"silly_fun(x, wins, sum, na.rm = FALSE)",17179714
"roll::roll_sum(xm, wins)",130476
"running_kurt(x, wins)",4426573
"running_sharpe(x, wins)",400424
"roll::roll_sum(xm, wins)",99910
"roll::roll_mean(xm, wins)",124040
"running_kurt(x, wins)",4435711
"silly_fun(x, wins, mean, na.rm = FALSE)",46375265
"running_sharpe(x, wins)",418783
"running_scaled(x, wins)",395814
"running_apx_median(x, wins)",13590333
"roll::roll_mean(xm, wins)",162944
"silly_fun(x, wins, mean, na.rm = FALSE)",53604148
"running_skew(x, wins)",4190574
"RcppRoll::roll_sd(xm, n = wins, align = ""right"", fill = NA)",285171
"running_zscored(x, wins)",388197
"RcppRoll::roll_sum(xm, n = wins, align = ""right"", fill = NA)",174131
"RcppRoll::roll_sum(xm, n = wins, align = ""right"", fill = NA)",151515
"running_skew4(x, wins)",4202691
"running_skew4(x, wins)",4217235
"roll::roll_sd(xm, wins)",453794
"running_tstat(x, wins)",400395
"running_sd(x, wins, na_rm = FALSE, restart_period = 50000L)",149105
"running_skew(x, wins)",4181783
"running_mean(x, wins)",103746
"running_sum(x, wins)",102011
"silly_fun(x, wins, mean, na.rm = FALSE)",45737104
"running_scaled(x, wins)",397690
"RcppRoll::roll_sum(xm, n = wins, align = ""right"", fill = NA)",219668
"running_mean(x, wins)",112141
"silly_fun(x, wins, sum, na.rm = FALSE)",24966423
"running_centered(x, wins)",1022617
"running_zscored(x, wins)",378596
"running_scaled(x, wins)",379429
"running_kurt(x, wins)",4421356
"roll::roll_sum(xm, wins)",126699
"running_tstat(x, wins)",397892
"roll::roll_sd(xm, wins)",384508
"running_sum(x, wins)",103690
"silly_fun(x, wins, mean, na.rm = FALSE)",45228734
"running_sd3(x, wins)",451978
"roll::roll_sd(xm, wins)",421693
"silly_fun(x, wins, mean, na.rm = FALSE)",46042427
"running_sum(x, wins)",118754
"running_apx_median(x, wins)",13567568
"running_tstat(x, wins)",396952
"roll::roll_mean(xm, wins)",163229
"silly_fun(x, wins, mean, na.rm = FALSE)",57545974
"running_skew(x, wins)",4305934
"running_skew(x, wins)",4160976
"roll::roll_sum(xm, wins)",128125
"running_kurt(x, wins)",4423683
"running_sd(x, wins, na_rm = FALSE, restart_period = 50000L)",148467
"running_kurt5(x, wins)",4715001
"running_zscored(x, wins)",377824
"running_sd3(x, wins)",429365
"running_mean(x, wins)",103495
"running_skew(x, wins)",4163492
"running_kurt5(x, wins)",4821855
"running_sharpe(x, wins)",397073
"running_sd(x, wins, na_rm = FALSE, restart_period = 50000L)",146048
"running_sd(x, wins, na_rm = TRUE, restart_period = 1000L)",194119
"RcppRoll::roll_sd(xm, n = wins, align = ""right"", fill = NA)",280637
"running_tstat(x, wins)",401170
"roll::roll_sum(xm, wins)",107428
"RcppRoll::roll_sd(xm, n = wins, align = ""right"", fill = NA)",238109
"silly_fun(x, wins, mean, na.rm = FALSE)",45774559
"running_sd3(x, wins)",524750
"RcppRoll::roll_mean(xm, n = wins, align = ""right"", fill = NA)",245004
"running_sd(x, wins, na_rm = TRUE, restart_period = 1000L)",259452
"running_skew(x, wins)",4186875
"running_zscored(x, wins)",398397
"running_sharpe(x, wins)",419677
"running_sd(x, wins, na_rm = TRUE, restart_period = 1000L)",213975
"running_zscored(x, wins)",390827
"running_sum(x, wins)",124292
"running_zscored(x, wins)",393193
"running_kurt5(x, wins)",4823293
"roll::roll_mean(xm, wins)",211045
"running_kurt5(x, wins)",4809211
"running_kurt(x, wins)",4436305
"roll::roll_sd(xm, wins)",439738
"running_kurt(x, wins)",4414422
"silly_fun(x, wins, sum, na.rm = FALSE)",17680847
"running_skew4(x, wins)",4409163
"running_sum(x, wins)",124386
"running_sum(x, wins)",123704
"roll::roll_mean(xm, wins)",202984
"running_skew4(x, wins)",4297946
"running_zscored(x, wins)",377263
"running_sharpe(x, wins)",417755
"RcppRoll::roll_mean(xm, n = wins, align = ""right"", fill = NA)",238862
"running_sharpe(x, wins)",420938
"roll::roll_mean(xm, wins)",188120
"roll::roll_sd(xm, wins)",403317
"running_apx_median(x, wins)",13712236
"running_zscored(x, wins)",400376
"RcppRoll::roll_sum(xm, n = wins, align = ""right"", fill = NA)",207195
"RcppRoll::roll_sd(xm, n = wins, align = ""right"", fill = NA)",240129
"running_tstat(x, wins)",418117
"running_kurt5(x, wins)",4827612
"RcppRoll::roll_sum(xm, n = wins, align = ""right"", fill = NA)",177021
"running_sd(x, wins, na_rm = FALSE, restart_period = 50000L)",174816
"silly_fun(x, wins, sum, na.rm = FALSE)",29898584
"running_sd3(x, wins)",453514
"running_centered(x, wins)",983494
"running_kurt(x, wins)",4424240
"RcppRoll::roll_sum(xm, n = wins, align = ""right"", fill = NA)",222575
"running_centered(x, wins)",980893
"running_sharpe(x, wins)",398757
"running_centered(x, wins)",996942
"running_mean(x, wins)",103969
"silly_fun(x, wins, sum, na.rm = FALSE)",17194739
"running_kurt5(x, wins)",4738224
"silly_fun(x, wins, mean, na.rm = FALSE)",53237983
"silly_fun(x, wins, mean, na.rm = FALSE)",44858308
"running_mean(x, wins)",121442
"running_kurt(x, wins)",4429961
"RcppRoll::roll_mean(xm, n = wins, align = ""right"", fill = NA)",221458
"running_kurt5(x, wins)",4757966
"running_skew(x, wins)",4167576
"running_sharpe(x, wins)",400387
"RcppRoll::roll_sd(xm, n = wins, align = ""right"", fill = NA)",245534
"roll::roll_sd(xm, wins)",418248
"roll::roll_mean(xm, wins)",131672
"running_sum(x, wins)",103839
"RcppRoll::roll_mean(xm, n = wins, align = ""right"", fill = NA)",195309
"silly_fun(x, wins, mean, na.rm = FALSE)",48527602
"running_sd3(x, wins)",457029
"running_scaled(x, wins)",383901
"running_skew(x, wins)",4215545
"RcppRoll::roll_mean(xm, n = wins, align = ""right"", fill = NA)",216748
"running_scaled(x, wins)",385050
"roll::roll_sum(xm, wins)",118641
"running_tstat(x, wins)",395151
"running_sum(x, wins)",101964
"silly_fun(x, wins, sum, na.rm = FALSE)",131259549
"running_kurt(x, wins)",4452707
"running_kurt(x, wins)",4421561
"running_tstat(x, wins)",396815
"running_kurt(x, wins)",4412403
"running_kurt(x, wins)",4413723
"RcppRoll::roll_mean(xm, n = wins, align = ""right"", fill = NA)",233799
"running_mean(x, wins)",109897
"running_sum(x, wins)",102806
"roll::roll_sd(xm, wins)",415607
"running_skew(x, wins)",4189458
"RcppRoll::roll_sum(xm, n = wins, align = ""right"", fill = NA)",182463
"running_zscored(x, wins)",382115
"RcppRoll::roll_mean(xm, n = wins, align = ""right"", fill = NA)",161157
"running_centered(x, wins)",978301
"running_sd(x, wins, na_rm = TRUE, restart_period = 1000L)",198103
"running_sd3(x, wins)",429350
"running_mean(x, wins)",102699
"running_kurt5(x, wins)",4758145
"silly_fun(x, wins, mean, na.rm = FALSE)",47246316
"RcppRoll::roll_sum(xm, n = wins, align = ""right"", fill = NA)",243199
"running_sd(x, wins, na_rm = TRUE, restart_period = 1000L)",216634
"RcppRoll::roll_mean(xm, n = wins, align = ""right"", fill = NA)",174741
"running_kurt5(x, wins)",4775930
"running_skew(x, wins)",4196905
"running_sd(x, wins, na_rm = TRUE, restart_period = 1000L)",196732
"running_kurt5(x, wins)",4756545
"running_tstat(x, wins)",396684
"running_sd(x, wins, na_rm = FALSE, restart_period = 50000L)",145028
"running_centered(x, wins)",974924
"running_sd(x, wins, na_rm = TRUE, restart_period = 1000L)",237383
"running_sharpe(x, wins)",399132
"running_tstat(x, wins)",391855
"running_sum(x, wins)",102363
"running_kurt(x, wins)",4459909
"running_centered(x, wins)",970484
"RcppRoll::roll_mean(xm, n = wins, align = ""right"", fill = NA)",169482
"running_sd(x, wins, na_rm = FALSE, restart_period = 50000L)",150964
"roll::roll_mean(xm, wins)",156267
"running_mean(x, wins)",100707
"running_sd(x, wins, na_rm = FALSE, restart_period = 50000L)",144146
"running_sd(x, wins, na_rm = TRUE, restart_period = 1000L)",193251
"RcppRoll::roll_sum(xm, n = wins, align = ""right"", fill = NA)",163402
"running_sd(x, wins, na_rm = TRUE, restart_period = 1000L)",196980
"running_kurt5(x, wins)",4795990
"running_sd3(x, wins)",431987
"running_sd3(x, wins)",429811
"running_sd3(x, wins)",428144
"running_kurt5(x, wins)",4752259
"running_tstat(x, wins)",394168
"running_tstat(x, wins)",391474
"silly_fun(x, wins, sum, na.rm = FALSE)",17632490
"running_sd(x, wins, na_rm = TRUE, restart_period = 1000L)",214972
"roll::roll_sum(xm, wins)",124067
"roll::roll_mean(xm, wins)",127302
"running_kurt(x, wins)",4705702
"roll::roll_sum(xm, wins)",88080
"running_sd3(x, wins)",433754
"running_sd3(x, wins)",429757
"running_kurt5(x, wins)",4711052
"running_centered(x, wins)",974075
"running_zscored(x, wins)",6730065
"running_sharpe(x, wins)",427972
"silly_fun(x, wins, mean, na.rm = FALSE)",45727051
"RcppRoll::roll_sd(xm, n = wins, align = ""right"", fill = NA)",292744
"running_zscored(x, wins)",480517
"RcppRoll::roll_sum(xm, n = wins, align = ""right"", fill = NA)",303655
"running_sharpe(x, wins)",526503
"RcppRoll::roll_mean(xm, n = wins, align = ""right"", fill = NA)",271121
"silly_fun(x, wins, sum, na.rm = FALSE)",18222918
"roll::roll_sd(xm, wins)",424813
"running_centered(x, wins)",985575
"running_skew(x, wins)",4170542
"RcppRoll::roll_sd(xm, n = wins, align = ""right"", fill = NA)",281903
"running_mean(x, wins)",110502
"silly_fun(x, wins, sum, na.rm = FALSE)",24473853
"silly_fun(x, wins, sum, na.rm = FALSE)",17055499
"roll::roll_mean(xm, wins)",180936
"running_kurt5(x, wins)",4738517
"silly_fun(x, wins, sum, na.rm = FALSE)",17095734
"running_skew(x, wins)",4186045
"running_kurt(x, wins)",4418625
"running_sum(x, wins)",107530
"roll::roll_sum(xm, wins)",120709
"running_sharpe(x, wins)",399305
"running_scaled(x, wins)",375695
"roll::roll_sum(xm, wins)",92131
"running_sd(x, wins, na_rm = FALSE, restart_period = 50000L)",145583
"running_zscored(x, wins)",398433
"running_sd(x, wins, na_rm = FALSE, restart_period = 50000L)",144425
"running_sd(x, wins, na_rm = TRUE, restart_period = 1000L)",194365
"roll::roll_sum(xm, wins)",87655
"running_sum(x, wins)",103144
"running_zscored(x, wins)",373316
"RcppRoll::roll_sd(xm, n = wins, align = ""right"", fill = NA)",285821
"RcppRoll::roll_sum(xm, n = wins, align = ""right"", fill = NA)",166872
"running_sharpe(x, wins)",401152
"running_apx_median(x, wins)",13683409
"running_kurt5(x, wins)",4748873
"RcppRoll::roll_mean(xm, n = wins, align = ""right"", fill = NA)",172688
"running_scaled(x, wins)",381386
"roll::roll_sd(xm, wins)",390070
"running_mean(x, wins)",100648
"running_apx_median(x, wins)",13601598
"running_tstat(x, wins)",394310
"running_sharpe(x, wins)",395012
"running_skew4(x, wins)",4185874
"silly_fun(x, wins, mean, na.rm = FALSE)",51997232
"silly_fun(x, wins, sum, na.rm = FALSE)",17068388
"running_kurt(x, wins)",4448382
"running_skew(x, wins)",4168438
"running_skew4(x, wins)",4168973
"roll::roll_sum(xm, wins)",134697
"RcppRoll::roll_mean(xm, n = wins, align = ""right"", fill = NA)",221576
"roll::roll_sum(xm, wins)",107871
"RcppRoll::roll_sum(xm, n = wins, align = ""right"", fill = NA)",176118
"running_sd(x, wins, na_rm = TRUE, restart_period = 1000L)",228190
"running_sd3(x, wins)",433114
"RcppRoll::roll_sum(xm, n = wins, align = ""right"", fill = NA)",162175
"running_sharpe(x, wins)",401831
"running_sd(x, wins, na_rm = FALSE, restart_period = 50000L)",148060
"silly_fun(x, wins, sum, na.rm = FALSE)",17136968
"running_sd3(x, wins)",446789
"running_sd(x, wins, na_rm = TRUE, restart_period = 1000L)",199684
"running_skew(x, wins)",4169872
"running_tstat(x, wins)",395394
"running_skew(x, wins)",4160152
"RcppRoll::roll_sd(xm, n = wins, align = ""right"", fill = NA)",292860
"running_scaled(x, wins)",394976
"roll::roll_sd(xm, wins)",407895
"roll::roll_mean(xm, wins)",127478
"running_centered(x, wins)",976126
"silly_fun(x, wins, mean, na.rm = FALSE)",51941749
"roll::roll_mean(xm, wins)",176097
"silly_fun(x, wins, mean, na.rm = FALSE)",47183249
"RcppRoll::roll_mean(xm, n = wins, align = ""right"", fill = NA)",224628
"running_apx_median(x, wins)",13659352
"running_sum(x, wins)",106415
"silly_fun(x, wins, mean, na.rm = FALSE)",58935208
"roll::roll_mean(xm, wins)",172443
"running_sum(x, wins)",112346
"running_mean(x, wins)",99741
"silly_fun(x, wins, mean, na.rm = FALSE)",45202524
"running_zscored(x, wins)",398301
"running_kurt(x, wins)",4422286
"roll::roll_mean(xm, wins)",163390
"running_mean(x, wins)",101724
"running_zscored(x, wins)",375509
"running_sd(x, wins, na_rm = TRUE, restart_period = 1000L)",199411
"running_sharpe(x, wins)",432550
"RcppRoll::roll_sd(xm, n = wins, align = ""right"", fill = NA)",302308
"roll::roll_sum(xm, wins)",157243
"running_scaled(x, wins)",404331
"running_sd(x, wins, na_rm = FALSE, restart_period = 50000L)",164800
"RcppRoll::roll_mean(xm, n = wins, align = ""right"", fill = NA)",206894
"roll::roll_sum(xm, wins)",143014
"running_centered(x, wins)",1004084
"RcppRoll::roll_sum(xm, n = wins, align = ""right"", fill = NA)",195676
"running_sum(x, wins)",122831
"roll::roll_sd(xm, wins)",433162
"running_sd(x, wins, na_rm = FALSE, restart_period = 50000L)",145364
"running_sd3(x, wins)",479538
"roll::roll_sd(xm, wins)",427864
"running_sd3(x, wins)",486610
"running_skew4(x, wins)",4256510
"silly_fun(x, wins, sum, na.rm = FALSE)",17707374
"running_kurt(x, wins)",4470106
"silly_fun(x, wins, mean, na.rm = FALSE)",58494040
"RcppRoll::roll_mean(xm, n = wins, align = ""right"", fill = NA)",229637
"running_kurt(x, wins)",4475604
"running_sharpe(x, wins)",401819
"roll::roll_mean(xm, wins)",164193
"RcppRoll::roll_sum(xm, n = wins, align = ""right"", fill = NA)",188022
"RcppRoll::roll_sd(xm, n = wins, align = ""right"", fill = NA)",222933
"running_sd(x, wins, na_rm = FALSE, restart_period = 50000L)",156245
"roll::roll_sd(xm, wins)",397326
"running_sd3(x, wins)",438183
"silly_fun(x, wins, mean, na.rm = FALSE)",46693614
"running_scaled(x, wins)",454173
"roll::roll_mean(xm, wins)",157241
"running_skew(x, wins)",4195316
"running_zscored(x, wins)",380602
"running_mean(x, wins)",103098
"running_sd3(x, wins)",430862
"running_sd(x, wins, na_rm = FALSE, restart_period = 50000L)",147506
"running_sharpe(x, wins)",398178
"roll::roll_sd(xm, wins)",394188
"running_sd(x, wins, na_rm = TRUE, restart_period = 1000L)",198413
"running_scaled(x, wins)",418286
"running_skew4(x, wins)",4189398
"running_sum(x, wins)",104390
"silly_fun(x, wins, mean, na.rm = FALSE)",49301275
"running_kurt(x, wins)",4452776
"silly_fun(x, wins, mean, na.rm = FALSE)",54425023
"silly_fun(x, wins, mean, na.rm = FALSE)",47603373
"running_centered(x, wins)",999569
"running_mean(x, wins)",106459
"running_kurt5(x, wins)",4728968
"roll::roll_sd(xm, wins)",423128
"running_sum(x, wins)",104112
"roll::roll_sum(xm, wins)",102548
"running_tstat(x, wins)",394721
"running_sd(x, wins, na_rm = FALSE, restart_period = 50000L)",148066
"running_sum(x, wins)",100806
"running_skew(x, wins)",4166063
"running_tstat(x, wins)",393539
"running_mean(x, wins)",101703
"running_sharpe(x, wins)",400529
"silly_fun(x, wins, sum, na.rm = FALSE)",30411425
"running_tstat(x, wins)",416983
"running_kurt5(x, wins)",4722430
"running_kurt(x, wins)",4421648
"roll::roll_mean(xm, wins)",164304
"running_scaled(x, wins)",380271
"running_skew4(x, wins)",4168896
"running_sum(x, wins)",108881
"roll::roll_sum(xm, wins)",102008
"roll::roll_mean(xm, wins)",122327
"running_apx_median(x, wins)",13535028
"roll::roll_sd(xm, wins)",382768
"running_zscored(x, wins)",375208
"RcppRoll::roll_sd(xm, n = wins, align = ""right"", fill = NA)",291460
"running_kurt5(x, wins)",4746221
"running_centered(x, wins)",976718
"running_sd(x, wins, na_rm = FALSE, restart_period = 50000L)",148648
"running_kurt5(x, wins)",4733568
"running_sd(x, wins, na_rm = TRUE, restart_period = 1000L)",196935
"running_skew4(x, wins)",4164892
"silly_fun(x, wins, mean, na.rm = FALSE)",44539007
"running_sum(x, wins)",117195
"silly_fun(x, wins, mean, na.rm = FALSE)",48027055
"silly_fun(x, wins, mean, na.rm = FALSE)",55572659
"RcppRoll::roll_sum(xm, n = wins, align = ""right"", fill = NA)",223649
"running_apx_median(x, wins)",13647191
"running_kurt5(x, wins)",4720343
"RcppRoll::roll_sd(xm, n = wins, align = ""right"", fill = NA)",252299
"running_scaled(x, wins)",386936
"running_kurt5(x, wins)",4734336
"running_zscored(x, wins)",379113
"running_kurt(x, wins)",4415531
"running_kurt(x, wins)",4438704
"RcppRoll::roll_sum(xm, n = wins, align = ""right"", fill = NA)",172552
"running_tstat(x, wins)",399224
"running_kurt(x, wins)",4592277
"running_centered(x, wins)",972859
"running_zscored(x, wins)",375589
"roll::roll_sum(xm, wins)",126058
"running_tstat(x, wins)",394722
"running_zscored(x, wins)",386264
"running_sd(x, wins, na_rm = TRUE, restart_period = 1000L)",197632
"RcppRoll::roll_sd(xm, n = wins, align = ""right"", fill = NA)",239706
"running_tstat(x, wins)",396359
"running_apx_median(x, wins)",13581052
"running_scaled(x, wins)",378204
"RcppRoll::roll_sd(xm, n = wins, align = ""right"", fill = NA)",224676
"running_sharpe(x, wins)",400361
"roll::roll_sum(xm, wins)",108402
"running_zscored(x, wins)",376780
"roll::roll_sd(xm, wins)",413627
"running_mean(x, wins)",100972
"running_sum(x, wins)",102650
"running_mean(x, wins)",100787
"running_zscored(x, wins)",375207
"running_sum(x, wins)",100601
"running_kurt5(x, wins)",4986958
"running_kurt(x, wins)",4434658
"running_kurt(x, wins)",4437700
"silly_fun(x, wins, mean, na.rm = FALSE)",49872013
"running_kurt5(x, wins)",4745389
"running_sd(x, wins, na_rm = TRUE, restart_period = 1000L)",204474
"roll::roll_mean(xm, wins)",169912
"running_sd(x, wins, na_rm = TRUE, restart_period = 1000L)",198697
"silly_fun(x, wins, mean, na.rm = FALSE)",58481416
"RcppRoll::roll_mean(xm, n = wins, align = ""right"", fill = NA)",224174
"RcppRoll::roll_mean(xm, n = wins, align = ""right"", fill = NA)",171189
"running_scaled(x, wins)",394361
"roll::roll_sd(xm, wins)",413654
"running_sd3(x, wins)",434114
"running_zscored(x, wins)",374064
"roll::roll_mean(xm, wins)",129310
"roll::roll_mean(xm, wins)",120087
"RcppRoll::roll_sd(xm, n = wins, align = ""right"", fill = NA)",236508
"RcppRoll::roll_sd(xm, n = wins, align = ""right"", fill = NA)",212021
"silly_fun(x, wins, mean, na.rm = FALSE)",45258550
"roll::roll_sd(xm, wins)",436380
"roll::roll_sum(xm, wins)",97066
"silly_fun(x, wins, mean, na.rm = FALSE)",46742881
"silly_fun(x, wins, sum, na.rm = FALSE)",25005267
"running_skew4(x, wins)",4186361
"running_sd(x, wins, na_rm = TRUE, restart_period = 1000L)",202619
"running_sd3(x, wins)",430585
"running_skew(x, wins)",4166582
"running_skew4(x, wins)",4161031
"running_mean(x, wins)",103982
"running_sd(x, wins, na_rm = TRUE, restart_period = 1000L)",194791
"running_sd(x, wins, na_rm = FALSE, restart_period = 50000L)",144818
"roll::roll_sum(xm, wins)",126939
"running_kurt5(x, wins)",4880566
"running_scaled(x, wins)",380837
"running_sharpe(x, wins)",403750
"running_sd(x, wins, na_rm = FALSE, restart_period = 50000L)",146737
"roll::roll_mean(xm, wins)",141939
"silly_fun(x, wins, sum, na.rm = FALSE)",17117764
"running_kurt(x, wins)",4445837
"roll::roll_sum(xm, wins)",125405
"running_tstat(x, wins)",397692
"running_zscored(x, wins)",376095
"RcppRoll::roll_sum(xm, n = wins, align = ""right"", fill = NA)",220493
"silly_fun(x, wins, sum, na.rm = FALSE)",17181842
"running_kurt5(x, wins)",4740100
"running_kurt(x, wins)",4424205
"running_scaled(x, wins)",379722
"running_skew4(x, wins)",4164263
"running_mean(x, wins)",103950
"running_kurt5(x, wins)",4711952
"running_sum(x, wins)",103441
"RcppRoll::roll_sum(xm, n = wins, align = ""right"", fill = NA)",220163
"running_sd3(x, wins)",439718
"RcppRoll::roll_sd(xm, n = wins, align = ""right"", fill = NA)",235629
"roll::roll_sum(xm, wins)",131233
"running_sd(x, wins, na_rm = TRUE, restart_period = 1000L)",222691
"running_centered(x, wins)",975192
"running_tstat(x, wins)",394588
"roll::roll_sd(xm, wins)",391785
"running_skew4(x, wins)",4187944
"running_sd(x, wins, na_rm = TRUE, restart_period = 1000L)",192393
"roll::roll_sd(xm, wins)",389954
"silly_fun(x, wins, mean, na.rm = FALSE)",52765832
"RcppRoll::roll_mean(xm, n = wins, align = ""right"", fill = NA)",235551
"silly_fun(x, wins, mean, na.rm = FALSE)",46288965
"running_sum(x, wins)",120983
"running_sd(x, wins, na_rm = FALSE, restart_period = 50000L)",154202
"running_kurt5(x, wins)",4721704
"running_centered(x, wins)",977287
"roll::roll_mean(xm, wins)",173588
"RcppRoll::roll_mean(xm, n = wins, align = ""right"", fill = NA)",220577
"roll::roll_sd(xm, wins)",408985
"roll::roll_sum(xm, wins)",95287
"running_zscored(x, wins)",378145
"running_kurt5(x, wins)",4736792
"RcppRoll::roll_sd(xm, n = wins, align = ""right"", fill = NA)",247300
"running_scaled(x, wins)",383685
"RcppRoll::roll_sd(xm, n = wins, align = ""right"", fill = NA)",226371
"running_skew(x, wins)",4187669
"running_scaled(x, wins)",378324
"silly_fun(x, wins, sum, na.rm = FALSE)",24997896
"RcppRoll::roll_sd(xm, n = wins, align = ""right"", fill = NA)",280089
"running_skew(x, wins)",4207836
"running_sd3(x, wins)",428973
"RcppRoll::roll_mean(xm, n = wins, align = ""right"", fill = NA)",173016
"running_scaled(x, wins)",384454
"roll::roll_mean(xm, wins)",152198
"running_sd3(x, wins)",431706
"running_mean(x, wins)",100365
"running_zscored(x, wins)",374961
"running_apx_median(x, wins)",13619960
"running_apx_median(x, wins)",13566408
"running_centered(x, wins)",976079
"running_sd3(x, wins)",424990
"silly_fun(x, wins, sum, na.rm = FALSE)",17216477
"running_skew4(x, wins)",4187003
"running_scaled(x, wins)",385480
"running_sd3(x, wins)",431141
"RcppRoll::roll_sd(xm, n = wins, align = ""right"", fill = NA)",289988
"running_mean(x, wins)",111124
"roll::roll_sum(xm, wins)",130905
"running_centered(x, wins)",975596
"silly_fun(x, wins, mean, na.rm = FALSE)",45080629
"running_centered(x, wins)",1001368
"running_kurt5(x, wins)",4718613
"running_apx_median(x, wins)",13799758
"running_zscored(x, wins)",395381
"running_centered(x, wins)",975049
"RcppRoll::roll_sd(xm, n = wins, align = ""right"", fill = NA)",282566
"running_mean(x, wins)",108794
"running_mean(x, wins)",101446
"RcppRoll::roll_mean(xm, n = wins, align = ""right"", fill = NA)",173676
"RcppRoll::roll_sd(xm, n = wins, align = ""right"", fill = NA)",217247
"running_sd(x, wins, na_rm = FALSE, restart_period = 50000L)",153507
"running_zscored(x, wins)",375377
"roll::roll_sd(xm, wins)",420058
"running_zscored(x, wins)",372881
"roll::roll_sd(xm, wins)",386405
"running_skew4(x, wins)",4223448
"running_sharpe(x, wins)",445799
"roll::roll_sd(xm, wins)",395689
"RcppRoll::roll_mean(xm, n = wins, align = ""right"", fill = NA)",168494
"RcppRoll::roll_mean(xm, n = wins, align = ""right"", fill = NA)",145123
"running_kurt(x, wins)",4485106
"running_sd(x, wins, na_rm = TRUE, restart_period = 1000L)",198144
"running_centered(x, wins)",972467
"running_sum(x, wins)",102477
"silly_fun(x, wins, mean, na.rm = FALSE)",53133178
"running_kurt(x, wins)",4443597
"running_sd(x, wins, na_rm = TRUE, restart_period = 1000L)",201500
"running_skew4(x, wins)",4170895
"RcppRoll::roll_sum(xm, n = wins, align = ""right"", fill = NA)",218046
"running_kurt(x, wins)",4447438
"running_centered(x, wins)",976037
"running_sum(x, wins)",103215
"running_zscored(x, wins)",375839
"running_sd(x, wins, na_rm = TRUE, restart_period = 1000L)",197014
"running_skew(x, wins)",4164353
"running_kurt(x, wins)",4439999
"roll::roll_sum(xm, wins)",127212
"running_mean(x, wins)",101509
"running_kurt(x, wins)",4417607
"running_scaled(x, wins)",378621
"RcppRoll::roll_mean(xm, n = wins, align = ""right"", fill = NA)",183839
"running_apx_median(x, wins)",13700520
"running_zscored(x, wins)",376445
"running_sd(x, wins, na_rm = TRUE, restart_period = 1000L)",196439
"running_kurt5(x, wins)",4769431
"running_skew4(x, wins)",4186156
"running_apx_median(x, wins)",13630413
"running_skew4(x, wins)",4162697
"running_apx_median(x, wins)",13623659
"running_skew4(x, wins)",4166406
"running_sharpe(x, wins)",404779
"running_sd3(x, wins)",429772
"running_sd(x, wins, na_rm = TRUE, restart_period = 1000L)",195829
"running_mean(x, wins)",102329
"RcppRoll::roll_mean(xm, n = wins, align = ""right"", fill = NA)",180206
"running_sharpe(x, wins)",398610
"silly_fun(x, wins, mean, na.rm = FALSE)",45482813
"RcppRoll::roll_mean(xm, n = wins, align = ""right"", fill = NA)",227141
"silly_fun(x, wins, mean, na.rm = FALSE)",54196148
"silly_fun(x, wins, sum, na.rm = FALSE)",17742287
"running_zscored(x, wins)",399551
"RcppRoll::roll_sd(xm, n = wins, align = ""right"", fill = NA)",294014
"roll::roll_mean(xm, wins)",169288
"running_mean(x, wins)",134398
"RcppRoll::roll_sum(xm, n = wins, align = ""right"", fill = NA)",181975
"running_scaled(x, wins)",385692
"running_sd3(x, wins)",430189
"running_sd(x, wins, na_rm = FALSE, restart_period = 50000L)",148298
"running_mean(x, wins)",101639
"silly_fun(x, wins, mean, na.rm = FALSE)",45830959
"running_tstat(x, wins)",415767
"running_zscored(x, wins)",383441
"running_centered(x, wins)",979415
"running_skew(x, wins)",4166463
"running_sharpe(x, wins)",398404
"running_centered(x, wins)",972121
"RcppRoll::roll_sd(xm, n = wins, align = ""right"", fill = NA)",288058
"running_sd(x, wins, na_rm = FALSE, restart_period = 50000L)",156395
"roll::roll_sd(xm, wins)",419386
"silly_fun(x, wins, sum, na.rm = FALSE)",129667049
"running_apx_median(x, wins)",13595350
"roll::roll_sd(xm, wins)",423729
"RcppRoll::roll_sd(xm, n = wins, align = ""right"", fill = NA)",291179
"running_centered(x, wins)",1014422
"running_skew(x, wins)",4162736
"running_kurt5(x, wins)",4737127
"running_skew4(x, wins)",4165373
"silly_fun(x, wins, sum, na.rm = FALSE)",17149647
"running_apx_median(x, wins)",13608068
"running_sum(x, wins)",106312
"silly_fun(x, wins, sum, na.rm = FALSE)",16991943
"roll::roll_sd(xm, wins)",420002
"running_mean(x, wins)",108791
"roll::roll_sd(xm, wins)",382790
"running_skew(x, wins)",4166885
"running_sd3(x, wins)",431918
"RcppRoll::roll_sd(xm, n = wins, align = ""right"", fill = NA)",291163
"running_skew(x, wins)",4201479
"running_sharpe(x, wins)",398108
"running_sharpe(x, wins)",397553
"running_sum(x, wins)",102296
"running_kurt5(x, wins)",4731929
"running_zscored(x, wins)",377943
"silly_fun(x, wins, mean, na.rm = FALSE)",51553444
"running_tstat(x, wins)",415570
"running_sd(x, wins, na_rm = TRUE, restart_period = 1000L)",201538
"silly_fun(x, wins, mean, na.rm = FALSE)",46638337
"silly_fun(x, wins, mean, na.rm = FALSE)",57313867
"running_sharpe(x, wins)",417529
"running_apx_median(x, wins)",13681091
"RcppRoll::roll_sum(xm, n = wins, align = ""right"", fill = NA)",214370
"running_sharpe(x, wins)",452745
"running_sd(x, wins, na_rm = FALSE, restart_period = 50000L)",168626
"running_sd(x, wins, na_rm = FALSE, restart_period = 50000L)",160847
"running_mean(x, wins)",126611
"running_sd(x, wins, na_rm = FALSE, restart_period = 50000L)",160812
"running_sd(x, wins, na_rm = TRUE, restart_period = 1000L)",212471
"running_skew(x, wins)",4218578
"running_sd(x, wins, na_rm = TRUE, restart_period = 1000L)",211969
"running_scaled(x, wins)",397976
"running_mean(x, wins)",123256
"running_sd3(x, wins)",479010
"running_sum(x, wins)",123979
"silly_fun(x, wins, mean, na.rm = FALSE)",45189754
"running_kurt(x, wins)",4480771
"RcppRoll::roll_mean(xm, n = wins, align = ""right"", fill = NA)",252309
"running_sd(x, wins, na_rm = FALSE, restart_period = 50000L)",176531
"running_sharpe(x, wins)",417952
"running_tstat(x, wins)",417425
"RcppRoll::roll_mean(xm, n = wins, align = ""right"", fill = NA)",199147
"running_skew(x, wins)",4216098
"RcppRoll::roll_sd(xm, n = wins, align = ""right"", fill = NA)",249736
"running_sd(x, wins, na_rm = FALSE, restart_period = 50000L)",173289
"silly_fun(x, wins, sum, na.rm = FALSE)",17384891
"running_skew4(x, wins)",4298442
"running_skew(x, wins)",4214304
"running_mean(x, wins)",125981
"running_kurt5(x, wins)",4798694
"running_skew4(x, wins)",4240663
"running_centered(x, wins)",998365
"running_apx_median(x, wins)",13671819
"running_skew4(x, wins)",4233819
"running_sum(x, wins)",123385
"running_apx_median(x, wins)",13662246
"running_sd(x, wins, na_rm = TRUE, restart_period = 1000L)",217171
"running_kurt5(x, wins)",4807400
"silly_fun(x, wins, sum, na.rm = FALSE)",24981807
"running_sd(x, wins, na_rm = FALSE, restart_period = 50000L)",164310
"running_kurt(x, wins)",4422659
"running_sharpe(x, wins)",399575
"RcppRoll::roll_sum(xm, n = wins, align = ""right"", fill = NA)",223344
"RcppRoll::roll_sd(xm, n = wins, align = ""right"", fill = NA)",232373
"running_tstat(x, wins)",400425
"running_sum(x, wins)",102451
"running_zscored(x, wins)",374674
"running_kurt5(x, wins)",4739356
"silly_fun(x, wins, sum, na.rm = FALSE)",17223593
"roll::roll_mean(xm, wins)",172571
"roll::roll_sd(xm, wins)",389850
"running_sd3(x, wins)",441806
"running_apx_median(x, wins)",13582011
"running_centered(x, wins)",975613
"running_mean(x, wins)",106306
"running_apx_median(x, wins)",13550754
"running_sd(x, wins, na_rm = FALSE, restart_period = 50000L)",149539
"running_sum(x, wins)",102646
"running_sd(x, wins, na_rm = TRUE, restart_period = 1000L)",194966
"running_apx_median(x, wins)",13546137
"running_sd(x, wins, na_rm = TRUE, restart_period = 1000L)",195336
"running_sd(x, wins, na_rm = FALSE, restart_period = 50000L)",144109
"roll::roll_sd(xm, wins)",397208
"RcppRoll::roll_mean(xm, n = wins, align = ""right"", fill = NA)",220089
"running_sd3(x, wins)",438919
"roll::roll_sd(xm, wins)",389859
"running_zscored(x, wins)",374502
"running_scaled(x, wins)",378133
"running_skew(x, wins)",4188368
"running_tstat(x, wins)",394435
"RcppRoll::roll_mean(xm, n = wins, align = ""right"", fill = NA)",179565
"running_sharpe(x, wins)",420424
"running_centered(x, wins)",976059
"roll::roll_sd(xm, wins)",383461
"running_sd3(x, wins)",429271
"running_skew4(x, wins)",4213075
"running_sd(x, wins, na_rm = TRUE, restart_period = 1000L)",193626
"running_scaled(x, wins)",377011
"running_centered(x, wins)",969705
"running_skew(x, wins)",4162940
"running_sd(x, wins, na_rm = FALSE, restart_period = 50000L)",145401
"RcppRoll::roll_mean(xm, n = wins, align = ""right"", fill = NA)",204580
"silly_fun(x, wins, mean, na.rm = FALSE)",45803134
"silly_fun(x, wins, sum, na.rm = FALSE)",24770780
"running_sharpe(x, wins)",422669
"running_sd(x, wins, na_rm = FALSE, restart_period = 50000L)",150621
"running_skew(x, wins)",4170492
"roll::roll_sum(xm, wins)",132735
"running_skew(x, wins)",4166492
"running_mean(x, wins)",103219
"running_skew4(x, wins)",4400038
"RcppRoll::roll_mean(xm, n = wins, align = ""right"", fill = NA)",221884
"running_sharpe(x, wins)",428741
"running_sd(x, wins, na_rm = FALSE, restart_period = 50000L)",146883
"silly_fun(x, wins, mean, na.rm = FALSE)",44767095
"running_mean(x, wins)",117221
"roll::roll_sd(xm, wins)",425894
"running_mean(x, wins)",107497
"roll::roll_sd(xm, wins)",385130
"RcppRoll::roll_sum(xm, n = wins, align = ""right"", fill = NA)",219004
"running_kurt(x, wins)",4457980
"running_kurt(x, wins)",4417794
"running_sum(x, wins)",103607
"RcppRoll::roll_sd(xm, n = wins, align = ""right"", fill = NA)",237901
"silly_fun(x, wins, sum, na.rm = FALSE)",25039555
"RcppRoll::roll_sd(xm, n = wins, align = ""right"", fill = NA)",281727
"running_skew4(x, wins)",4217178
"running_kurt5(x, wins)",4718162
"running_centered(x, wins)",976210
"RcppRoll::roll_mean(xm, n = wins, align = ""right"", fill = NA)",181745
"running_tstat(x, wins)",399131
"running_kurt5(x, wins)",4734325
"RcppRoll::roll_sd(xm, n = wins, align = ""right"", fill = NA)",227782
"running_kurt(x, wins)",4441262
"running_kurt5(x, wins)",4732674
"running_sd(x, wins, na_rm = FALSE, restart_period = 50000L)",147434
"roll::roll_sd(xm, wins)",415130
"running_scaled(x, wins)",376963
"running_sd(x, wins, na_rm = FALSE, restart_period = 50000L)",144440
"running_apx_median(x, wins)",14060965
"running_sd(x, wins, na_rm = TRUE, restart_period = 1000L)",196253
"RcppRoll::roll_mean(xm, n = wins, align = ""right"", fill = NA)",168908
"running_centered(x, wins)",976766
"roll::roll_mean(xm, wins)",138323
"silly_fun(x, wins, sum, na.rm = FALSE)",17373717
"running_tstat(x, wins)",413093
"running_sum(x, wins)",108176
"running_sd3(x, wins)",432509
"running_sd3(x, wins)",428344
"running_kurt(x, wins)",4419639
"running_apx_median(x, wins)",13564149
"running_mean(x, wins)",103439
"roll::roll_sd(xm, wins)",422511
"silly_fun(x, wins, mean, na.rm = FALSE)",46469541
"running_sum(x, wins)",117541
"running_sharpe(x, wins)",408602
"running_mean(x, wins)",102867
"roll::roll_sd(xm, wins)",426350
"RcppRoll::roll_sd(xm, n = wins, align = ""right"", fill = NA)",288442
"running_zscored(x, wins)",388298
"running_kurt(x, wins)",4447308
"running_sd(x, wins, na_rm = FALSE, restart_period = 50000L)",150260
"silly_fun(x, wins, sum, na.rm = FALSE)",24754067
"silly_fun(x, wins, sum, na.rm = FALSE)",17696024
"running_skew4(x, wins)",4194182
"RcppRoll::roll_sd(xm, n = wins, align = ""right"", fill = NA)",300016
"RcppRoll::roll_sum(xm, n = wins, align = ""right"", fill = NA)",173290
"running_sum(x, wins)",111472
"silly_fun(x, wins, mean, na.rm = FALSE)",46789810
"running_sum(x, wins)",117403
"running_kurt5(x, wins)",4753754
"RcppRoll::roll_sd(xm, n = wins, align = ""right"", fill = NA)",284335
"RcppRoll::roll_mean(xm, n = wins, align = ""right"", fill = NA)",169547
"running_kurt5(x, wins)",4768576
"RcppRoll::roll_mean(xm, n = wins, align = ""right"", fill = NA)",162352
"roll::roll_sum(xm, wins)",123052
"RcppRoll::roll_sum(xm, n = wins, align = ""right"", fill = NA)",158058
"running_apx_median(x, wins)",21387551
"running_apx_median(x, wins)",13589355
"running_skew(x, wins)",4164122
"roll::roll_sd(xm, wins)",402091
"running_sd(x, wins, na_rm = FALSE, restart_period = 50000L)",145429
"running_skew(x, wins)",4193157
"running_skew(x, wins)",4154600
"RcppRoll::roll_sd(xm, n = wins, align = ""right"", fill = NA)",227778
"running_tstat(x, wins)",395197
"silly_fun(x, wins, sum, na.rm = FALSE)",17312814
"running_zscored(x, wins)",395672
"running_tstat(x, wins)",396338
"running_skew(x, wins)",4184918
"roll::roll_sum(xm, wins)",129008
"roll::roll_mean(xm, wins)",130024
"running_scaled(x, wins)",386407
"running_kurt5(x, wins)",4716602
"running_skew4(x, wins)",4311449
"running_skew4(x, wins)",4160334
"silly_fun(x, wins, mean, na.rm = FALSE)",47754476
"RcppRoll::roll_sum(xm, n = wins, align = ""right"", fill = NA)",224754
"running_kurt(x, wins)",4476152
"running_skew(x, wins)",4167002
"running_sd(x, wins, na_rm = TRUE, restart_period = 1000L)",197826
"running_scaled(x, wins)",380788
"running_sd(x, wins, na_rm = FALSE, restart_period = 50000L)",146086
"running_centered(x, wins)",972779
"running_sd3(x, wins)",455062
"RcppRoll::roll_sd(xm, n = wins, align = ""right"", fill = NA)",249926
"running_kurt5(x, wins)",4776829
"running_mean(x, wins)",104504
"running_apx_median(x, wins)",13555414
"running_apx_median(x, wins)",13564730
"roll::roll_sum(xm, wins)",132946
"running_skew4(x, wins)",4170569
"RcppRoll::roll_sd(xm, n = wins, align = ""right"", fill = NA)",241206
"running_skew(x, wins)",4187983
"running_skew4(x, wins)",4267132
"running_sd(x, wins, na_rm = TRUE, restart_period = 1000L)",218617
"running_sd(x, wins, na_rm = TRUE, restart_period = 1000L)",214725
"running_sd3(x, wins)",483624
"roll::roll_sd(xm, wins)",444384
"RcppRoll::roll_sum(xm, n = wins, align = ""right"", fill = NA)",171953
"running_kurt5(x, wins)",4828273
"silly_fun(x, wins, sum, na.rm = FALSE)",30320625
"running_skew4(x, wins)",4195671
"running_skew4(x, wins)",4175276
"roll::roll_sd(xm, wins)",431392
"RcppRoll::roll_mean(xm, n = wins, align = ""right"", fill = NA)",231235
"running_sum(x, wins)",112384
"running_sharpe(x, wins)",399805
"running_kurt5(x, wins)",4743963
"running_sd(x, wins, na_rm = FALSE, restart_period = 50000L)",148992
"RcppRoll::roll_mean(xm, n = wins, align = ""right"", fill = NA)",180480
"RcppRoll::roll_sd(xm, n = wins, align = ""right"", fill = NA)",224429
"roll::roll_sum(xm, wins)",108997
"RcppRoll::roll_mean(xm, n = wins, align = ""right"", fill = NA)",159309
"silly_fun(x, wins, sum, na.rm = FALSE)",17196074
"running_sd(x, wins, na_rm = TRUE, restart_period = 1000L)",215846
"running_zscored(x, wins)",378499
"running_mean(x, wins)",103119
"running_kurt5(x, wins)",4772446
"roll::roll_mean(xm, wins)",168916
"running_centered(x, wins)",971930
"running_kurt(x, wins)",4437315
"silly_fun(x, wins, mean, na.rm = FALSE)",45676027
"running_apx_median(x, wins)",13654027
"running_sd(x, wins, na_rm = TRUE, restart_period = 1000L)",201179
"running_sd(x, wins, na_rm = TRUE, restart_period = 1000L)",196068
"running_skew(x, wins)",4167137
"running_skew4(x, wins)",4167754
"running_kurt(x, wins)",4417794
"running_sd(x, wins, na_rm = FALSE, restart_period = 50000L)",147763
"running_tstat(x, wins)",396498
"roll::roll_mean(xm, wins)",163264
"running_skew4(x, wins)",4172324
"roll::roll_sum(xm, wins)",98817
"RcppRoll::roll_sum(xm, n = wins, align = ""right"", fill = NA)",215193
"roll::roll_sum(xm, wins)",96872
"RcppRoll::roll_sd(xm, n = wins, align = ""right"", fill = NA)",237026
"running_tstat(x, wins)",416212
"running_tstat(x, wins)",401122
"roll::roll_sd(xm, wins)",385196
"running_kurt5(x, wins)",4762355
"RcppRoll::roll_mean(xm, n = wins, align = ""right"", fill = NA)",171958
"running_sd(x, wins, na_rm = FALSE, restart_period = 50000L)",150891
"running_tstat(x, wins)",393781
"running_centered(x, wins)",975725
"RcppRoll::roll_sum(xm, n = wins, align = ""right"", fill = NA)",154933
"roll::roll_mean(xm, wins)",127641
"roll::roll_sum(xm, wins)",81410
"RcppRoll::roll_mean(xm, n = wins, align = ""right"", fill = NA)",156557
"running_mean(x, wins)",109006
"running_apx_median(x, wins)",13684052
"running_sum(x, wins)",104531
"running_sharpe(x, wins)",398938
"running_mean(x, wins)",101215
"roll::roll_sd(xm, wins)",380329
"running_skew(x, wins)",4182254
"running_skew4(x, wins)",4162121
"running_apx_median(x, wins)",13600996
"running_sum(x, wins)",101532
"roll::roll_mean(xm, wins)",6451882
"roll::roll_sum(xm, wins)",100787
"running_tstat(x, wins)",404261
"running_sd(x, wins, na_rm = TRUE, restart_period = 1000L)",199885
"RcppRoll::roll_sum(xm, n = wins, align = ""right"", fill = NA)",173390
"RcppRoll::roll_sd(xm, n = wins, align = ""right"", fill = NA)",235016
"running_sd3(x, wins)",440075
"roll::roll_sum(xm, wins)",90208
"RcppRoll::roll_sd(xm, n = wins, align = ""right"", fill = NA)",224108
"running_tstat(x, wins)",405923
"running_sd(x, wins, na_rm = TRUE, restart_period = 1000L)",195633
"running_skew4(x, wins)",4185049
"running_scaled(x, wins)",378738
"silly_fun(x, wins, mean, na.rm = FALSE)",45192138
"running_sd(x, wins, na_rm = FALSE, restart_period = 50000L)",167626
"running_sum(x, wins)",106592
"running_sd(x, wins, na_rm = TRUE, restart_period = 1000L)",197536
"running_kurt5(x, wins)",4731399
"silly_fun(x, wins, mean, na.rm = FALSE)",47453215
"running_sd(x, wins, na_rm = TRUE, restart_period = 1000L)",220900
"RcppRoll::roll_mean(xm, n = wins, align = ""right"", fill = NA)",223717
"running_sharpe(x, wins)",408510
"roll::roll_sd(xm, wins)",411581
"running_mean(x, wins)",101357
"running_mean(x, wins)",100328
"RcppRoll::roll_mean(xm, n = wins, align = ""right"", fill = NA)",181844
"RcppRoll::roll_mean(xm, n = wins, align = ""right"", fill = NA)",153529
"RcppRoll::roll_sum(xm, n = wins, align = ""right"", fill = NA)",148702
"running_kurt(x, wins)",4459095
"roll::roll_mean(xm, wins)",135242
"roll::roll_sd(xm, wins)",379092
"running_sd(x, wins, na_rm = FALSE, restart_period = 50000L)",147618
"running_tstat(x, wins)",394683
"RcppRoll::roll_mean(xm, n = wins, align = ""right"", fill = NA)",161771
"running_sd(x, wins, na_rm = FALSE, restart_period = 50000L)",148481
"running_sharpe(x, wins)",433106
"RcppRoll::roll_sum(xm, n = wins, align = ""right"", fill = NA)",147498
"RcppRoll::roll_sd(xm, n = wins, align = ""right"", fill = NA)",210560
"running_skew(x, wins)",4200639
"roll::roll_sd(xm, wins)",388553
"running_zscored(x, wins)",376676
"roll::roll_sum(xm, wins)",87776
"running_sd(x, wins, na_rm = FALSE, restart_period = 50000L)",143311
"RcppRoll::roll_mean(xm, n = wins, align = ""right"", fill = NA)",150111
"roll::roll_sum(xm, wins)",91774
"roll::roll_mean(xm, wins)",113496
"running_tstat(x, wins)",393312
"roll::roll_mean(xm, wins)",113286
"running_skew4(x, wins)",4198607
"running_sd(x, wins, na_rm = TRUE, restart_period = 1000L)",193018
"RcppRoll::roll_mean(xm, n = wins, align = ""right"", fill = NA)",147232
"RcppRoll::roll_sd(xm, n = wins, align = ""right"", fill = NA)",204581
"RcppRoll::roll_sd(xm, n = wins, align = ""right"", fill = NA)",201640
"running_sd3(x, wins)",435638
"running_skew(x, wins)",4233045
"running_centered(x, wins)",974465
"running_kurt5(x, wins)",4747961
"RcppRoll::roll_mean(xm, n = wins, align = ""right"", fill = NA)",143786
"RcppRoll::roll_mean(xm, n = wins, align = ""right"", fill = NA)",139197
"running_kurt(x, wins)",4452173
"running_kurt(x, wins)",4445241
"running_kurt(x, wins)",4435639
"silly_fun(x, wins, sum, na.rm = FALSE)",25332180
"running_tstat(x, wins)",417381
"running_sum(x, wins)",104310
"running_sum(x, wins)",100801
"RcppRoll::roll_sum(xm, n = wins, align = ""right"", fill = NA)",220299
"running_skew4(x, wins)",4213991
"roll::roll_mean(xm, wins)",162454
"running_zscored(x, wins)",381643
"RcppRoll::roll_mean(xm, n = wins, align = ""right"", fill = NA)",183960
"running_kurt5(x, wins)",4755589
"running_scaled(x, wins)",379363
"running_apx_median(x, wins)",14017415
"running_kurt(x, wins)",4440015
"roll::roll_sum(xm, wins)",105690
"RcppRoll::roll_sum(xm, n = wins, align = ""right"", fill = NA)",174878
"RcppRoll::roll_mean(xm, n = wins, align = ""right"", fill = NA)",148424
"running_sd(x, wins, na_rm = FALSE, restart_period = 50000L)",153545
"RcppRoll::roll_sd(xm, n = wins, align = ""right"", fill = NA)",212726
"running_skew(x, wins)",4199861
"running_tstat(x, wins)",393999
"running_centered(x, wins)",997931
"RcppRoll::roll_mean(xm, n = wins, align = ""right"", fill = NA)",147994
"running_mean(x, wins)",105631
"RcppRoll::roll_mean(xm, n = wins, align = ""right"", fill = NA)",140825
"running_sd3(x, wins)",432488
"RcppRoll::roll_mean(xm, n = wins, align = ""right"", fill = NA)",147008
"RcppRoll::roll_mean(xm, n = wins, align = ""right"", fill = NA)",137138
"running_sharpe(x, wins)",399242
"RcppRoll::roll_sd(xm, n = wins, align = ""right"", fill = NA)",207386
"running_mean(x, wins)",104036
"running_sd(x, wins, na_rm = TRUE, restart_period = 1000L)",197070
"running_skew4(x, wins)",4195354
"silly_fun(x, wins, sum, na.rm = FALSE)",17359612
"roll::roll_sd(xm, wins)",423831
"running_scaled(x, wins)",422533
"running_sum(x, wins)",116574
"running_sd(x, wins, na_rm = TRUE, restart_period = 1000L)",273865
"running_kurt5(x, wins)",4746469
"running_sd(x, wins, na_rm = FALSE, restart_period = 50000L)",148144
"silly_fun(x, wins, mean, na.rm = FALSE)",45795478
"running_skew4(x, wins)",4190267
"running_sd3(x, wins)",433907
"running_zscored(x, wins)",379924
"running_mean(x, wins)",103383
"roll::roll_mean(xm, wins)",165075
"roll::roll_mean(xm, wins)",127252
"running_centered(x, wins)",972698
"running_kurt(x, wins)",4419931
"roll::roll_mean(xm, wins)",129882
"RcppRoll::roll_sd(xm, n = wins, align = ""right"", fill = NA)",280250
"silly_fun(x, wins, mean, na.rm = FALSE)",52765674
"running_skew(x, wins)",4204494
"RcppRoll::roll_mean(xm, n = wins, align = ""right"", fill = NA)",225318
"running_mean(x, wins)",113808
"running_kurt(x, wins)",4426010
"roll::roll_sum(xm, wins)",128279
"silly_fun(x, wins, mean, na.rm = FALSE)",50543088
"roll::roll_sd(xm, wins)",434922
"running_scaled(x, wins)",395959
"running_kurt(x, wins)",4431755
"running_tstat(x, wins)",394958
"silly_fun(x, wins, mean, na.rm = FALSE)",55695131
"running_skew(x, wins)",4185451
"running_skew4(x, wins)",4167220
"running_kurt(x, wins)",4420764
"running_apx_median(x, wins)",13553667
"RcppRoll::roll_sd(xm, n = wins, align = ""right"", fill = NA)",281525
"running_sd(x, wins, na_rm = FALSE, restart_period = 50000L)",155391
"running_skew4(x, wins)",4190823
"running_tstat(x, wins)",396669
"running_sd3(x, wins)",430586
"running_sd(x, wins, na_rm = TRUE, restart_period = 1000L)",196482
"running_apx_median(x, wins)",13953461
"running_sharpe(x, wins)",398773
"running_sd(x, wins, na_rm = TRUE, restart_period = 1000L)",195011
"running_centered(x, wins)",978271
"running_mean(x, wins)",102780
"running_sd(x, wins, na_rm = FALSE, restart_period = 50000L)",143517
"running_apx_median(x, wins)",13670953
"running_sum(x, wins)",102814
"running_skew4(x, wins)",4167542
"running_centered(x, wins)",971686
"RcppRoll::roll_mean(xm, n = wins, align = ""right"", fill = NA)",186900
"running_tstat(x, wins)",427357
"RcppRoll::roll_sd(xm, n = wins, align = ""right"", fill = NA)",230365
"roll::roll_mean(xm, wins)",160640
"running_apx_median(x, wins)",13607147
"roll::roll_mean(xm, wins)",132702
"RcppRoll::roll_sum(xm, n = wins, align = ""right"", fill = NA)",163758
"running_scaled(x, wins)",383120
"running_kurt5(x, wins)",4731915
"RcppRoll::roll_mean(xm, n = wins, align = ""right"", fill = NA)",155552
"running_scaled(x, wins)",386733
"RcppRoll::roll_sum(xm, n = wins, align = ""right"", fill = NA)",146022
"running_sharpe(x, wins)",398227
"running_skew4(x, wins)",4187254
"RcppRoll::roll_sum(xm, n = wins, align = ""right"", fill = NA)",145416
"roll::roll_sum(xm, wins)",104746
"running_sd(x, wins, na_rm = FALSE, restart_period = 50000L)",145070
"running_scaled(x, wins)",377137
"roll::roll_mean(xm, wins)",124832
"RcppRoll::roll_mean(xm, n = wins, align = ""right"", fill = NA)",153012
"silly_fun(x, wins, sum, na.rm = FALSE)",18984192
"running_skew(x, wins)",4212518
"running_sum(x, wins)",104669
"running_sd3(x, wins)",430616
"RcppRoll::roll_sum(xm, n = wins, align = ""right"", fill = NA)",219347
"roll::roll_sum(xm, wins)",128723
"silly_fun(x, wins, mean, na.rm = FALSE)",45139907
"roll::roll_sum(xm, wins)",135826
"RcppRoll::roll_sd(xm, n = wins, align = ""right"", fill = NA)",285217
"roll::roll_sum(xm, wins)",110568
"running_zscored(x, wins)",421464
"running_skew4(x, wins)",4176046
"running_mean(x, wins)",104491
"running_centered(x, wins)",973078
"roll::roll_mean(xm, wins)",136354
"RcppRoll::roll_mean(xm, n = wins, align = ""right"", fill = NA)",192765
"running_sharpe(x, wins)",403310
"roll::roll_sd(xm, wins)",388252
"running_mean(x, wins)",99597
"running_sd(x, wins, na_rm = TRUE, restart_period = 1000L)",197767
"running_sd3(x, wins)",481125
"running_sharpe(x, wins)",397556
"RcppRoll::roll_sd(xm, n = wins, align = ""right"", fill = NA)",275535
"running_centered(x, wins)",997454
"running_zscored(x, wins)",397847
"silly_fun(x, wins, sum, na.rm = FALSE)",24685228
"roll::roll_sum(xm, wins)",139461
"RcppRoll::roll_sum(xm, n = wins, align = ""right"", fill = NA)",214684
"running_kurt5(x, wins)",4757407
"silly_fun(x, wins, mean, na.rm = FALSE)",45124923
"running_centered(x, wins)",1001326
"running_sd3(x, wins)",433779
"running_sd(x, wins, na_rm = FALSE, restart_period = 50000L)",150231
"running_scaled(x, wins)",377544
"roll::roll_sum(xm, wins)",131754
"running_sum(x, wins)",105598
"running_skew(x, wins)",4166621
"running_kurt(x, wins)",4422093
"running_mean(x, wins)",103278
"running_zscored(x, wins)",380875
"running_scaled(x, wins)",382870
"running_sd3(x, wins)",429843
"RcppRoll::roll_mean(xm, n = wins, align = ""right"", fill = NA)",222794
"roll::roll_sd(xm, wins)",401167
"running_sum(x, wins)",105043
"RcppRoll::roll_sum(xm, n = wins, align = ""right"", fill = NA)",179624
"roll::roll_sd(xm, wins)",390578
"running_sd3(x, wins)",432604
"running_scaled(x, wins)",374251
"running_sum(x, wins)",101253
"silly_fun(x, wins, mean, na.rm = FALSE)",53841590
"running_sum(x, wins)",114945
"running_apx_median(x, wins)",13574493
"running_kurt(x, wins)",4415898
"running_skew(x, wins)",4160256
"RcppRoll::roll_sum(xm, n = wins, align = ""right"", fill = NA)",208929
"running_zscored(x, wins)",383113
"running_sharpe(x, wins)",396752
"running_centered(x, wins)",999915
"running_mean(x, wins)",103621
"roll::roll_mean(xm, wins)",156328
"roll::roll_sd(xm, wins)",380318
"running_kurt5(x, wins)",4719591
"running_sd(x, wins, na_rm = FALSE, restart_period = 50000L)",143486
"RcppRoll::roll_sum(xm, n = wins, align = ""right"", fill = NA)",178326
"silly_fun(x, wins, sum, na.rm = FALSE)",17284426
"silly_fun(x, wins, mean, na.rm = FALSE)",45257912
"RcppRoll::roll_sd(xm, n = wins, align = ""right"", fill = NA)",287003
"running_sd(x, wins, na_rm = TRUE, restart_period = 1000L)",216518
"running_sharpe(x, wins)",400582
"running_sharpe(x, wins)",395531
"running_kurt(x, wins)",4447717
"running_sharpe(x, wins)",395572
"running_sd(x, wins, na_rm = TRUE, restart_period = 1000L)",195001
"running_skew4(x, wins)",4165823
"running_centered(x, wins)",1000004
"running_zscored(x, wins)",377202
"running_scaled(x, wins)",377511
"running_tstat(x, wins)",393892
"running_centered(x, wins)",970631
"running_scaled(x, wins)",376006
"running_zscored(x, wins)",374085
"running_mean(x, wins)",103051
"roll::roll_sd(xm, wins)",409799
"running_kurt5(x, wins)",4740480
"RcppRoll::roll_sum(xm, n = wins, align = ""right"", fill = NA)",184433
"running_skew(x, wins)",4189386
"running_centered(x, wins)",975199
"running_centered(x, wins)",969389
"running_sd(x, wins, na_rm = TRUE, restart_period = 1000L)",195364
"running_skew4(x, wins)",4332713
"RcppRoll::roll_sd(xm, n = wins, align = ""right"", fill = NA)",245301
"running_scaled(x, wins)",413555
"silly_fun(x, wins, sum, na.rm = FALSE)",24953337
"running_sd3(x, wins)",450542
"RcppRoll::roll_sum(xm, n = wins, align = ""right"", fill = NA)",222397
"running_apx_median(x, wins)",13648470
"running_sharpe(x, wins)",400335
"running_tstat(x, wins)",419658
"RcppRoll::roll_sum(xm, n = wins, align = ""right"", fill = NA)",175659
"running_kurt(x, wins)",4447842
"running_sum(x, wins)",103388
"running_mean(x, wins)",101663
"running_apx_median(x, wins)",13613374
"roll::roll_sum(xm, wins)",125620
"running_skew4(x, wins)",4403957
"running_kurt(x, wins)",4434838
"RcppRoll::roll_mean(xm, n = wins, align = ""right"", fill = NA)",179315
"running_apx_median(x, wins)",13613845
"running_sd3(x, wins)",429248
"running_centered(x, wins)",971094
"running_sum(x, wins)",101347
"running_skew4(x, wins)",4160272
"silly_fun(x, wins, mean, na.rm = FALSE)",45101299
"running_scaled(x, wins)",395897
"running_scaled(x, wins)",378459
"running_apx_median(x, wins)",13593135
"running_skew(x, wins)",4163761
"running_sd(x, wins, na_rm = TRUE, restart_period = 1000L)",197881
"running_centered(x, wins)",973048
"running_scaled(x, wins)",380954
"silly_fun(x, wins, mean, na.rm = FALSE)",47547352
"RcppRoll::roll_sum(xm, n = wins, align = ""right"", fill = NA)",224877
"running_skew4(x, wins)",4216925
"silly_fun(x, wins, mean, na.rm = FALSE)",52464886
"roll::roll_sum(xm, wins)",143067
"running_centered(x, wins)",986206
"RcppRoll::roll_mean(xm, n = wins, align = ""right"", fill = NA)",216017
"running_sd3(x, wins)",441675
"running_skew(x, wins)",4191107
"running_tstat(x, wins)",395820
"roll::roll_sum(xm, wins)",105165
"running_zscored(x, wins)",377618
"running_sum(x, wins)",102529
"running_sharpe(x, wins)",398796
"RcppRoll::roll_sum(xm, n = wins, align = ""right"", fill = NA)",185241
"RcppRoll::roll_sd(xm, n = wins, align = ""right"", fill = NA)",226612
"RcppRoll::roll_mean(xm, n = wins, align = ""right"", fill = NA)",149034
"roll::roll_sd(xm, wins)",396247
"running_scaled(x, wins)",379694
"roll::roll_mean(xm, wins)",125676
"running_sd(x, wins, na_rm = TRUE, restart_period = 1000L)",200222
"running_scaled(x, wins)",376686
"running_apx_median(x, wins)",13774597
"silly_fun(x, wins, sum, na.rm = FALSE)",17273859
"roll::roll_sum(xm, wins)",132828
"running_centered(x, wins)",983119
"RcppRoll::roll_sum(xm, n = wins, align = ""right"", fill = NA)",216290
"running_tstat(x, wins)",403762
"running_apx_median(x, wins)",13597899
"running_apx_median(x, wins)",13556116
"RcppRoll::roll_sd(xm, n = wins, align = ""right"", fill = NA)",247973
"roll::roll_sd(xm, wins)",408519
"running_sd(x, wins, na_rm = TRUE, restart_period = 1000L)",199545
"roll::roll_sd(xm, wins)",382221
"running_sd3(x, wins)",431640
"running_kurt(x, wins)",4636728
"running_skew(x, wins)",4190824
"running_sum(x, wins)",103953
"running_sd3(x, wins)",428609
"running_tstat(x, wins)",392675
"silly_fun(x, wins, mean, na.rm = FALSE)",53335317
"RcppRoll::roll_sum(xm, n = wins, align = ""right"", fill = NA)",223787
"silly_fun(x, wins, mean, na.rm = FALSE)",45543299
"roll::roll_sum(xm, wins)",141741
"running_sum(x, wins)",113982
"running_tstat(x, wins)",399096
"roll::roll_sum(xm, wins)",98913
"RcppRoll::roll_sum(xm, n = wins, align = ""right"", fill = NA)",215909
"running_skew4(x, wins)",4213684
"roll::roll_sd(xm, wins)",390906
"RcppRoll::roll_sd(xm, n = wins, align = ""right"", fill = NA)",247016
"silly_fun(x, wins, mean, na.rm = FALSE)",47082430
"running_sd(x, wins, na_rm = FALSE, restart_period = 50000L)",166510
"running_sum(x, wins)",105518
"running_apx_median(x, wins)",13545302
"running_tstat(x, wins)",396153
"running_skew4(x, wins)",4167969
"running_skew(x, wins)",4168133
"roll::roll_sum(xm, wins)",135400
"roll::roll_sum(xm, wins)",94549
"running_sd(x, wins, na_rm = TRUE, restart_period = 1000L)",195105
"running_apx_median(x, wins)",13540073
"running_sum(x, wins)",102059
"running_kurt(x, wins)",4414326
"running_sharpe(x, wins)",396917
"silly_fun(x, wins, mean, na.rm = FALSE)",61396655
"running_kurt5(x, wins)",4748563
"running_kurt5(x, wins)",4727007
"running_apx_median(x, wins)",13993359
"running_sd3(x, wins)",441046
"running_sd3(x, wins)",430710
"roll::roll_mean(xm, wins)",171083
"running_apx_median(x, wins)",13586831
"running_sd(x, wins, na_rm = FALSE, restart_period = 50000L)",150471
"running_tstat(x, wins)",394821
"running_sd(x, wins, na_rm = TRUE, restart_period = 1000L)",195489
"running_sd(x, wins, na_rm = FALSE, restart_period = 50000L)",145210
"roll::roll_sd(xm, wins)",400814
"RcppRoll::roll_sum(xm, n = wins, align = ""right"", fill = NA)",222167
"roll::roll_mean(xm, wins)",164399
"running_apx_median(x, wins)",13652643
"running_zscored(x, wins)",378705
"running_kurt(x, wins)",4547557
"running_skew(x, wins)",4163528
"running_skew4(x, wins)",4165168
"silly_fun(x, wins, sum, na.rm = FALSE)",18394592
"running_sd(x, wins, na_rm = TRUE, restart_period = 1000L)",217727
"silly_fun(x, wins, mean, na.rm = FALSE)",54442130
"running_skew4(x, wins)",4209949
"roll::roll_sd(xm, wins)",424479
"running_sd(x, wins, na_rm = TRUE, restart_period = 1000L)",199340
"running_scaled(x, wins)",380379
"running_sum(x, wins)",102953
"running_sd(x, wins, na_rm = FALSE, restart_period = 50000L)",145002
"roll::roll_mean(xm, wins)",131836
"running_skew(x, wins)",4163836
"running_mean(x, wins)",103681
"RcppRoll::roll_sum(xm, n = wins, align = ""right"", fill = NA)",213912
"roll::roll_sd(xm, wins)",391259
"RcppRoll::roll_sd(xm, n = wins, align = ""right"", fill = NA)",236444
"running_scaled(x, wins)",384336
"running_apx_median(x, wins)",13672816
"running_sd(x, wins, na_rm = FALSE, restart_period = 50000L)",146743
"running_skew4(x, wins)",4165943
"roll::roll_mean(xm, wins)",133272
"RcppRoll::roll_sum(xm, n = wins, align = ""right"", fill = NA)",169680
"silly_fun(x, wins, mean, na.rm = FALSE)",45461315
"RcppRoll::roll_sum(xm, n = wins, align = ""right"", fill = NA)",220152
"running_skew4(x, wins)",4216415
"running_skew4(x, wins)",4192117
"running_sum(x, wins)",107374
"running_mean(x, wins)",103344
"running_kurt(x, wins)",4440578
"silly_fun(x, wins, sum, na.rm = FALSE)",17454105
"running_kurt(x, wins)",4438679
"running_sharpe(x, wins)",426243
"running_apx_median(x, wins)",13561480
"running_centered(x, wins)",978266
"running_kurt5(x, wins)",4740450
"running_sd3(x, wins)",431928
"running_zscored(x, wins)",376689
"running_skew(x, wins)",4161804
"running_centered(x, wins)",972840
"running_sd3(x, wins)",433621
"running_sd(x, wins, na_rm = TRUE, restart_period = 1000L)",197477
"RcppRoll::roll_mean(xm, n = wins, align = ""right"", fill = NA)",223984
"running_centered(x, wins)",978587
"silly_fun(x, wins, sum, na.rm = FALSE)",124836040
"running_sharpe(x, wins)",423782
"running_kurt5(x, wins)",4726867
"running_sd3(x, wins)",438263
"running_mean(x, wins)",106808
"running_kurt(x, wins)",4587831
"running_sd3(x, wins)",436042
"running_sd(x, wins, na_rm = TRUE, restart_period = 1000L)",199994
"RcppRoll::roll_sum(xm, n = wins, align = ""right"", fill = NA)",224517
"running_zscored(x, wins)",384798
"running_sum(x, wins)",103971
"running_mean(x, wins)",102031
"RcppRoll::roll_sum(xm, n = wins, align = ""right"", fill = NA)",173595
"RcppRoll::roll_mean(xm, n = wins, align = ""right"", fill = NA)",156966
"running_sum(x, wins)",105354
"running_sd(x, wins, na_rm = FALSE, restart_period = 50000L)",146838
"running_apx_median(x, wins)",13717755
"running_zscored(x, wins)",377965
"running_skew(x, wins)",4193790
"running_sd3(x, wins)",428210
"RcppRoll::roll_sum(xm, n = wins, align = ""right"", fill = NA)",159946
"running_tstat(x, wins)",399275
"running_sd3(x, wins)",427942
"running_zscored(x, wins)",376435
"running_skew(x, wins)",4183272
"running_sd(x, wins, na_rm = TRUE, restart_period = 1000L)",196559
"RcppRoll::roll_mean(xm, n = wins, align = ""right"", fill = NA)",153738
"running_tstat(x, wins)",396280
"running_skew(x, wins)",4160788
"running_sd(x, wins, na_rm = FALSE, restart_period = 50000L)",169181
"running_tstat(x, wins)",391599
"running_sd(x, wins, na_rm = FALSE, restart_period = 50000L)",144113
"running_sd(x, wins, na_rm = TRUE, restart_period = 1000L)",193746
"running_scaled(x, wins)",378329
"running_sum(x, wins)",101565
"roll::roll_sum(xm, wins)",126753
"RcppRoll::roll_sum(xm, n = wins, align = ""right"", fill = NA)",156441
"running_sd(x, wins, na_rm = TRUE, restart_period = 1000L)",200468
"running_sd(x, wins, na_rm = TRUE, restart_period = 1000L)",192776
"running_sd(x, wins, na_rm = TRUE, restart_period = 1000L)",193341
"running_tstat(x, wins)",392979
"running_skew(x, wins)",4162167
"RcppRoll::roll_sum(xm, n = wins, align = ""right"", fill = NA)",148075
"running_sharpe(x, wins)",399856
"roll::roll_mean(xm, wins)",143465
"running_sd(x, wins, na_rm = TRUE, restart_period = 1000L)",192856
"roll::roll_sum(xm, wins)",94201
"RcppRoll::roll_sum(xm, n = wins, align = ""right"", fill = NA)",151840
"roll::roll_sd(xm, wins)",411885
"RcppRoll::roll_sum(xm, n = wins, align = ""right"", fill = NA)",146507
"roll::roll_sd(xm, wins)",383205
"running_tstat(x, wins)",399140
"running_kurt5(x, wins)",4739822
"running_sum(x, wins)",102306
"silly_fun(x, wins, sum, na.rm = FALSE)",17117639
"running_sharpe(x, wins)",416844
"running_sd(x, wins, na_rm = TRUE, restart_period = 1000L)",200443
"running_sum(x, wins)",103633
"running_tstat(x, wins)",418810
"running_skew(x, wins)",4167195
"running_sd(x, wins, na_rm = FALSE, restart_period = 50000L)",146101
"roll::roll_mean(xm, wins)",161711
"running_sd3(x, wins)",432652
"RcppRoll::roll_sum(xm, n = wins, align = ""right"", fill = NA)",216786
"running_centered(x, wins)",982020
"roll::roll_sum(xm, wins)",101926
"roll::roll_sum(xm, wins)",86074
"RcppRoll::roll_sd(xm, n = wins, align = ""right"", fill = NA)",246519
"running_mean(x, wins)",109112
"RcppRoll::roll_sum(xm, n = wins, align = ""right"", fill = NA)",154927
"roll::roll_sum(xm, wins)",93595
"running_sum(x, wins)",105281
"RcppRoll::roll_sum(xm, n = wins, align = ""right"", fill = NA)",153780
"roll::roll_sum(xm, wins)",94541
"running_skew(x, wins)",4192318
"running_sharpe(x, wins)",431623
"RcppRoll::roll_mean(xm, n = wins, align = ""right"", fill = NA)",156553
"running_centered(x, wins)",977191
"running_skew(x, wins)",4191234
"roll::roll_mean(xm, wins)",125214
"running_sd(x, wins, na_rm = FALSE, restart_period = 50000L)",143423
"running_sd3(x, wins)",428400
"roll::roll_sd(xm, wins)",379359
"running_mean(x, wins)",103634
"roll::roll_sum(xm, wins)",85326
"running_kurt5(x, wins)",4748181
"running_sd(x, wins, na_rm = TRUE, restart_period = 1000L)",195695
"running_zscored(x, wins)",410309
"RcppRoll::roll_sd(xm, n = wins, align = ""right"", fill = NA)",219999
"running_mean(x, wins)",104274
"silly_fun(x, wins, mean, na.rm = FALSE)",51581797
"running_scaled(x, wins)",398383
"roll::roll_mean(xm, wins)",162424
"running_apx_median(x, wins)",13557022
"RcppRoll::roll_sd(xm, n = wins, align = ""right"", fill = NA)",274177
"roll::roll_mean(xm, wins)",140740
"running_centered(x, wins)",976589
"running_kurt5(x, wins)",4740405
"running_centered(x, wins)",970923
"running_mean(x, wins)",102780
"running_zscored(x, wins)",376488
"running_mean(x, wins)",101118
"RcppRoll::roll_mean(xm, n = wins, align = ""right"", fill = NA)",180356
"RcppRoll::roll_mean(xm, n = wins, align = ""right"", fill = NA)",154725
"running_sd(x, wins, na_rm = TRUE, restart_period = 1000L)",201522
"running_scaled(x, wins)",378247
"running_sd3(x, wins)",430167
"RcppRoll::roll_mean(xm, n = wins, align = ""right"", fill = NA)",151009
"running_kurt5(x, wins)",4764575
"running_sum(x, wins)",103882
"silly_fun(x, wins, sum, na.rm = FALSE)",17152024
"running_apx_median(x, wins)",13586844
"running_apx_median(x, wins)",13546061
"silly_fun(x, wins, mean, na.rm = FALSE)",45415825
"running_apx_median(x, wins)",13608463
"running_centered(x, wins)",983280
"running_sd3(x, wins)",434075
"running_apx_median(x, wins)",13870535
"silly_fun(x, wins, sum, na.rm = FALSE)",24328324
"running_centered(x, wins)",1003764
"running_sd(x, wins, na_rm = FALSE, restart_period = 50000L)",151658
"silly_fun(x, wins, sum, na.rm = FALSE)",17181854
"running_centered(x, wins)",994795
"running_sharpe(x, wins)",401594
"RcppRoll::roll_sd(xm, n = wins, align = ""right"", fill = NA)",290692
"running_apx_median(x, wins)",13817097
"running_sd(x, wins, na_rm = FALSE, restart_period = 50000L)",154153
"roll::roll_sum(xm, wins)",128612
"running_apx_median(x, wins)",13533135
"running_sd(x, wins, na_rm = FALSE, restart_period = 50000L)",149387
"running_zscored(x, wins)",376536
"RcppRoll::roll_sd(xm, n = wins, align = ""right"", fill = NA)",253690
"running_apx_median(x, wins)",13586240
"running_tstat(x, wins)",396230
"roll::roll_sd(xm, wins)",401292
"running_skew4(x, wins)",4170874
"roll::roll_sd(xm, wins)",387764
"running_skew(x, wins)",4160051
"roll::roll_sum(xm, wins)",92099
"running_skew(x, wins)",4196983
"roll::roll_mean(xm, wins)",128620
"running_sd3(x, wins)",462909
"running_zscored(x, wins)",371941
"running_scaled(x, wins)",380550
"running_skew4(x, wins)",4281478
"running_sd3(x, wins)",429040
"silly_fun(x, wins, mean, na.rm = FALSE)",45398666
"running_mean(x, wins)",116805
"running_sum(x, wins)",103628
"running_mean(x, wins)",6552232
"silly_fun(x, wins, sum, na.rm = FALSE)",17421157
"running_centered(x, wins)",1000530
"running_kurt5(x, wins)",4721699
"running_mean(x, wins)",106503
"roll::roll_sd(xm, wins)",431498
"running_kurt5(x, wins)",4716117
"running_sum(x, wins)",99683
"running_kurt(x, wins)",4414705
"RcppRoll::roll_sum(xm, n = wins, align = ""right"", fill = NA)",223573
"running_sd3(x, wins)",441708
"running_sd(x, wins, na_rm = FALSE, restart_period = 50000L)",147947
"RcppRoll::roll_sd(xm, n = wins, align = ""right"", fill = NA)",244396
"running_centered(x, wins)",1005875
"roll::roll_sd(xm, wins)",408529
"running_sum(x, wins)",102149
"running_centered(x, wins)",971697
"running_tstat(x, wins)",394618
"roll::roll_sum(xm, wins)",101075
"running_sharpe(x, wins)",395957
"running_sum(x, wins)",101314
"running_sum(x, wins)",100046
"running_apx_median(x, wins)",13608248
"RcppRoll::roll_sd(xm, n = wins, align = ""right"", fill = NA)",242597
"running_sd(x, wins, na_rm = FALSE, restart_period = 50000L)",151439
"running_scaled(x, wins)",378739
"silly_fun(x, wins, mean, na.rm = FALSE)",45269360
"running_sharpe(x, wins)",417011
"running_centered(x, wins)",983490
"running_apx_median(x, wins)",13566738
"running_apx_median(x, wins)",13662986
"running_sd(x, wins, na_rm = FALSE, restart_period = 50000L)",149490
"roll::roll_sum(xm, wins)",133576
"silly_fun(x, wins, mean, na.rm = FALSE)",53264012
"running_skew4(x, wins)",4192699
"running_zscored(x, wins)",385183
"roll::roll_sd(xm, wins)",422669
"running_centered(x, wins)",975049
"running_kurt(x, wins)",4426193
"roll::roll_mean(xm, wins)",135153
"running_centered(x, wins)",967687
"silly_fun(x, wins, mean, na.rm = FALSE)",46976251
"running_skew4(x, wins)",4214418
"silly_fun(x, wins, mean, na.rm = FALSE)",48113951
"running_sd(x, wins, na_rm = FALSE, restart_period = 50000L)",164619
"running_centered(x, wins)",987794
"running_tstat(x, wins)",412185
"running_skew4(x, wins)",4307818
"RcppRoll::roll_mean(xm, n = wins, align = ""right"", fill = NA)",220709
"RcppRoll::roll_sd(xm, n = wins, align = ""right"", fill = NA)",238212
"running_kurt(x, wins)",4470212
"roll::roll_mean(xm, wins)",154572
"RcppRoll::roll_sd(xm, n = wins, align = ""right"", fill = NA)",235127
"running_mean(x, wins)",108391
"running_skew4(x, wins)",4190293
"running_zscored(x, wins)",378730
"running_sum(x, wins)",102288
"running_apx_median(x, wins)",13674171
"running_zscored(x, wins)",377214
"roll::roll_sum(xm, wins)",103623
"running_kurt5(x, wins)",4714982
"running_skew(x, wins)",4161347
"roll::roll_sd(xm, wins)",387246
"running_sum(x, wins)",98784
"RcppRoll::roll_mean(xm, n = wins, align = ""right"", fill = NA)",166219
"running_sharpe(x, wins)",401173
"RcppRoll::roll_mean(xm, n = wins, align = ""right"", fill = NA)",148924
"running_tstat(x, wins)",397516
"roll::roll_mean(xm, wins)",166355
"running_centered(x, wins)",969848
"RcppRoll::roll_sd(xm, n = wins, align = ""right"", fill = NA)",215649
"RcppRoll::roll_sd(xm, n = wins, align = ""right"", fill = NA)",204907
"running_scaled(x, wins)",383238
"running_sd3(x, wins)",432138
"roll::roll_mean(xm, wins)",125932
"running_scaled(x, wins)",374002
"silly_fun(x, wins, mean, na.rm = FALSE)",53066441
"running_sd3(x, wins)",456748
"running_centered(x, wins)",980785
"running_skew4(x, wins)",4166728
"silly_fun(x, wins, sum, na.rm = FALSE)",17169469
"running_centered(x, wins)",991501
"running_sharpe(x, wins)",403801
"running_tstat(x, wins)",395805
"running_tstat(x, wins)",391235
"running_centered(x, wins)",971437
"running_kurt(x, wins)",4416072
"roll::roll_sd(xm, wins)",424622
"running_tstat(x, wins)",395921
"running_sd3(x, wins)",430043
"RcppRoll::roll_mean(xm, n = wins, align = ""right"", fill = NA)",224537
"running_centered(x, wins)",1007300
"running_sd3(x, wins)",428082
"running_sharpe(x, wins)",392138
"running_skew4(x, wins)",4166120
"running_skew(x, wins)",4188980
"RcppRoll::roll_sum(xm, n = wins, align = ""right"", fill = NA)",178185
"running_sum(x, wins)",106519
"running_skew(x, wins)",4164129
"running_tstat(x, wins)",393075
"RcppRoll::roll_sd(xm, n = wins, align = ""right"", fill = NA)",234255
"running_scaled(x, wins)",383341
"running_sharpe(x, wins)",394756
"running_sd(x, wins, na_rm = TRUE, restart_period = 1000L)",197762
"running_tstat(x, wins)",418339
"running_apx_median(x, wins)",13578259
"running_centered(x, wins)",971903
"silly_fun(x, wins, sum, na.rm = FALSE)",24750382
"running_sum(x, wins)",115189
"RcppRoll::roll_mean(xm, n = wins, align = ""right"", fill = NA)",227245
"RcppRoll::roll_mean(xm, n = wins, align = ""right"", fill = NA)",167236
"running_apx_median(x, wins)",13653340
"running_kurt(x, wins)",4441940
"running_sd(x, wins, na_rm = FALSE, restart_period = 50000L)",147999
"running_mean(x, wins)",102979
"running_scaled(x, wins)",378535
"running_kurt(x, wins)",4434619
"silly_fun(x, wins, sum, na.rm = FALSE)",17343101
"running_apx_median(x, wins)",13590124
"roll::roll_sum(xm, wins)",131655
"running_centered(x, wins)",970797
"silly_fun(x, wins, sum, na.rm = FALSE)",17124794
"running_kurt5(x, wins)",4762907
"running_sum(x, wins)",106598
"roll::roll_sd(xm, wins)",421684
"running_sd(x, wins, na_rm = FALSE, restart_period = 50000L)",147282
"roll::roll_mean(xm, wins)",130722
"running_sharpe(x, wins)",394561
"running_centered(x, wins)",970951
"running_sharpe(x, wins)",395426
"running_kurt(x, wins)",4620161
"silly_fun(x, wins, sum, na.rm = FALSE)",24781295
"running_sd(x, wins, na_rm = TRUE, restart_period = 1000L)",214482
"running_scaled(x, wins)",380519
"running_kurt(x, wins)",4420872
"roll::roll_sum(xm, wins)",126394
"running_tstat(x, wins)",396499
"RcppRoll::roll_sd(xm, n = wins, align = ""right"", fill = NA)",283737
"roll::roll_mean(xm, wins)",139917
"running_skew4(x, wins)",4193028
"roll::roll_mean(xm, wins)",127569
"running_skew(x, wins)",4163918
"silly_fun(x, wins, sum, na.rm = FALSE)",17187806
"running_scaled(x, wins)",395880
"running_zscored(x, wins)",378418
"silly_fun(x, wins, sum, na.rm = FALSE)",17128959
"silly_fun(x, wins, sum, na.rm = FALSE)",24810019
"running_kurt5(x, wins)",4741375
"roll::roll_sd(xm, wins)",424315
"running_kurt(x, wins)",4425954
"running_kurt5(x, wins)",4711408
"running_zscored(x, wins)",379201
"running_sd(x, wins, na_rm = FALSE, restart_period = 50000L)",148294
"running_scaled(x, wins)",377922
"roll::roll_sd(xm, wins)",384775
"running_sd(x, wins, na_rm = TRUE, restart_period = 1000L)",197957
"silly_fun(x, wins, mean, na.rm = FALSE)",45126810
"running_sd(x, wins, na_rm = TRUE, restart_period = 1000L)",213445
"silly_fun(x, wins, sum, na.rm = FALSE)",29862068
"running_sharpe(x, wins)",418881
"running_sd(x, wins, na_rm = FALSE, restart_period = 50000L)",149859
"roll::roll_sd(xm, wins)",421295
"running_skew4(x, wins)",4180887
"running_apx_median(x, wins)",14115237
"roll::roll_sd(xm, wins)",396609
"silly_fun(x, wins, sum, na.rm = FALSE)",17373296
"silly_fun(x, wins, mean, na.rm = FALSE)",45676373
"RcppRoll::roll_sum(xm, n = wins, align = ""right"", fill = NA)",222298
"running_sharpe(x, wins)",416915
"running_kurt5(x, wins)",4754544
"RcppRoll::roll_sd(xm, n = wins, align = ""right"", fill = NA)",244846
"running_scaled(x, wins)",385563
"running_sd(x, wins, na_rm = FALSE, restart_period = 50000L)",149829
"running_sum(x, wins)",102956
"running_zscored(x, wins)",380596
"running_sharpe(x, wins)",397422
"running_zscored(x, wins)",379049
"roll::roll_sum(xm, wins)",121661
"running_centered(x, wins)",971990
"running_sd(x, wins, na_rm = FALSE, restart_period = 50000L)",145889
"running_kurt5(x, wins)",4734787
"running_skew4(x, wins)",4166478
"running_mean(x, wins)",104082
"running_tstat(x, wins)",395635
"running_skew4(x, wins)",4185028
"running_zscored(x, wins)",374391
"running_zscored(x, wins)",377838
"silly_fun(x, wins, mean, na.rm = FALSE)",54145504
"running_sd3(x, wins)",455205
"roll::roll_sum(xm, wins)",138261
"RcppRoll::roll_sum(xm, n = wins, align = ""right"", fill = NA)",218074
"RcppRoll::roll_mean(xm, n = wins, align = ""right"", fill = NA)",165747
"RcppRoll::roll_mean(xm, n = wins, align = ""right"", fill = NA)",150949
"running_centered(x, wins)",1025542
"RcppRoll::roll_sum(xm, n = wins, align = ""right"", fill = NA)",155523
"running_sd(x, wins, na_rm = TRUE, restart_period = 1000L)",204021
"RcppRoll::roll_sd(xm, n = wins, align = ""right"", fill = NA)",213353
"silly_fun(x, wins, sum, na.rm = FALSE)",17214511
"running_zscored(x, wins)",399014
"running_mean(x, wins)",106809
"running_zscored(x, wins)",376832
"roll::roll_mean(xm, wins)",162654
"running_apx_median(x, wins)",13625678
"running_kurt5(x, wins)",4728028
"running_sd3(x, wins)",435537
"running_tstat(x, wins)",397272
"RcppRoll::roll_sd(xm, n = wins, align = ""right"", fill = NA)",279205
"running_kurt(x, wins)",4448100
"roll::roll_mean(xm, wins)",143977
"running_skew(x, wins)",4170171
"running_sum(x, wins)",104829
"roll::roll_mean(xm, wins)",132582
"running_scaled(x, wins)",402183
"running_sharpe(x, wins)",398292
"running_apx_median(x, wins)",13558175
"running_mean(x, wins)",103206
"running_skew(x, wins)",4160604
"running_tstat(x, wins)",394030
"running_skew4(x, wins)",4186481
"silly_fun(x, wins, sum, na.rm = FALSE)",17139056
"roll::roll_mean(xm, wins)",165098
"running_mean(x, wins)",108009
"running_sum(x, wins)",99597
"silly_fun(x, wins, sum, na.rm = FALSE)",24055766
"running_sd(x, wins, na_rm = FALSE, restart_period = 50000L)",168796
"running_scaled(x, wins)",383162
"running_centered(x, wins)",978695
"running_apx_median(x, wins)",13567960
"running_sd3(x, wins)",436702
"running_sharpe(x, wins)",398177
"silly_fun(x, wins, sum, na.rm = FALSE)",17129241
"running_sd(x, wins, na_rm = FALSE, restart_period = 50000L)",164098
"running_apx_median(x, wins)",13617548
"roll::roll_sum(xm, wins)",125771
"running_sd(x, wins, na_rm = FALSE, restart_period = 50000L)",145884
"RcppRoll::roll_mean(xm, n = wins, align = ""right"", fill = NA)",266368
"silly_fun(x, wins, sum, na.rm = FALSE)",24095090
"running_sd(x, wins, na_rm = FALSE, restart_period = 50000L)",164994
"RcppRoll::roll_sd(xm, n = wins, align = ""right"", fill = NA)",279443
"running_apx_median(x, wins)",13757373
"running_zscored(x, wins)",380914
"roll::roll_mean(xm, wins)",156988
"running_apx_median(x, wins)",13766584
"running_sum(x, wins)",104221
"running_sd3(x, wins)",450776
"silly_fun(x, wins, sum, na.rm = FALSE)",17269094
"running_centered(x, wins)",997537
"RcppRoll::roll_sum(xm, n = wins, align = ""right"", fill = NA)",224523
"running_apx_median(x, wins)",13603346
"roll::roll_sum(xm, wins)",131361
"running_sum(x, wins)",105038
"running_zscored(x, wins)",392155
"running_sd3(x, wins)",432921
"RcppRoll::roll_sd(xm, n = wins, align = ""right"", fill = NA)",248509
"running_sd(x, wins, na_rm = TRUE, restart_period = 1000L)",202156
"running_sd3(x, wins)",429246
"running_skew4(x, wins)",4416864
"RcppRoll::roll_sd(xm, n = wins, align = ""right"", fill = NA)",233308
"silly_fun(x, wins, sum, na.rm = FALSE)",17145586
"RcppRoll::roll_sum(xm, n = wins, align = ""right"", fill = NA)",212913
"running_sd3(x, wins)",450132
"running_sd3(x, wins)",444013
"running_mean(x, wins)",105526
"running_mean(x, wins)",100326
"running_sum(x, wins)",102753
"running_apx_median(x, wins)",13614970
"running_sd(x, wins, na_rm = TRUE, restart_period = 1000L)",200127
"running_sd(x, wins, na_rm = TRUE, restart_period = 1000L)",193308
"running_centered(x, wins)",975112
"silly_fun(x, wins, sum, na.rm = FALSE)",24047239
"running_mean(x, wins)",118373
"roll::roll_mean(xm, wins)",178356
"running_kurt5(x, wins)",4727323
"running_kurt5(x, wins)",5898242
"roll::roll_sum(xm, wins)",112967
"roll::roll_sd(xm, wins)",382333
"RcppRoll::roll_sd(xm, n = wins, align = ""right"", fill = NA)",273992
"silly_fun(x, wins, sum, na.rm = FALSE)",17126262
"running_skew4(x, wins)",4217079
"running_apx_median(x, wins)",13649606
"running_skew(x, wins)",4188661
"running_skew4(x, wins)",4186537
"running_mean(x, wins)",105737
"running_sharpe(x, wins)",397990
"silly_fun(x, wins, sum, na.rm = FALSE)",17119472
"running_sd(x, wins, na_rm = TRUE, restart_period = 1000L)",213599
"silly_fun(x, wins, mean, na.rm = FALSE)",52351193
"running_sd(x, wins, na_rm = FALSE, restart_period = 50000L)",169442
"running_sd(x, wins, na_rm = TRUE, restart_period = 1000L)",199053
"RcppRoll::roll_sd(xm, n = wins, align = ""right"", fill = NA)",286564
"running_mean(x, wins)",111761
"running_scaled(x, wins)",381431
"running_tstat(x, wins)",421419
"roll::roll_sd(xm, wins)",422662
"running_mean(x, wins)",103888
"roll::roll_mean(xm, wins)",132006
"running_kurt(x, wins)",4425662
"running_centered(x, wins)",972841
"RcppRoll::roll_sum(xm, n = wins, align = ""right"", fill = NA)",185814
"running_skew4(x, wins)",4185261
"silly_fun(x, wins, mean, na.rm = FALSE)",49945993
"silly_fun(x, wins, mean, na.rm = FALSE)",62369702
"running_kurt(x, wins)",4450463
"silly_fun(x, wins, sum, na.rm = FALSE)",17053741
"roll::roll_sd(xm, wins)",434240
"running_sharpe(x, wins)",405683
"roll::roll_mean(xm, wins)",134587
"running_sharpe(x, wins)",397750
"running_sd(x, wins, na_rm = TRUE, restart_period = 1000L)",199191
"RcppRoll::roll_sum(xm, n = wins, align = ""right"", fill = NA)",223109
"running_skew(x, wins)",4173889
"running_scaled(x, wins)",380140
"running_apx_median(x, wins)",13662567
"running_sd(x, wins, na_rm = FALSE, restart_period = 50000L)",147406
"RcppRoll::roll_sd(xm, n = wins, align = ""right"", fill = NA)",246673
"running_skew4(x, wins)",4171780
"roll::roll_sd(xm, wins)",396079
"running_sum(x, wins)",100684
"running_mean(x, wins)",102482
"silly_fun(x, wins, sum, na.rm = FALSE)",17036516
"silly_fun(x, wins, mean, na.rm = FALSE)",52252582
"running_sd3(x, wins)",454938
"silly_fun(x, wins, mean, na.rm = FALSE)",45789959
"running_skew4(x, wins)",4198950
"running_centered(x, wins)",980519
"silly_fun(x, wins, sum, na.rm = FALSE)",18194044
"RcppRoll::roll_mean(xm, n = wins, align = ""right"", fill = NA)",237106
"running_scaled(x, wins)",399133
"running_zscored(x, wins)",380232
"silly_fun(x, wins, sum, na.rm = FALSE)",24470335
"roll::roll_mean(xm, wins)",176000
"running_zscored(x, wins)",388631
"RcppRoll::roll_mean(xm, n = wins, align = ""right"", fill = NA)",225242
"running_skew(x, wins)",4178387
"roll::roll_mean(xm, wins)",140925
"running_tstat(x, wins)",397544
"running_apx_median(x, wins)",13642344
"running_centered(x, wins)",976399
"running_covariance(x, y, window = wins)",631422
"running_regression_diagnostics(x, y, window = wins)",1440043
"running_correlation(x, y, window = wins)",642535
"running_correlation(x, y, window = wins)",619878
"running_covariance(x, y, window = wins)",550373
"running_correlation(x, y, window = wins)",615419
"running_regression_diagnostics(x, y, window = wins)",1432132
"running_regression_diagnostics(x, y, window = wins)",1420765
"running_regression_slope(x, y, window = wins)",594551
"running_covariance(x, y, window = wins)",550413
"running_covariance(x, y, window = wins)",549170
"running_regression_diagnostics(x, y, window = wins)",1408688
"running_regression_diagnostics(x, y, window = wins)",1472320
"running_correlation(x, y, window = wins)",621802
"running_correlation(x, y, window = wins)",615231
"running_correlation(x, y, window = wins)",616916
"running_covariance(x, y, window = wins)",549478
"running_covariance(x, y, window = wins)",549741
"running_correlation(x, y, window = wins)",619422
"running_regression_diagnostics(x, y, window = wins)",1409444
"running_covariance(x, y, window = wins)",551807
"running_regression_slope(x, y, window = wins)",568680
"running_regression_slope(x, y, window = wins)",565785
"running_regression_diagnostics(x, y, window = wins)",1416992
"running_correlation(x, y, window = wins)",618521
"running_correlation(x, y, window = wins)",615929
"running_regression_slope(x, y, window = wins)",566999
"running_correlation(x, y, window = wins)",617485
"running_regression_slope(x, y, window = wins)",567356
"running_covariance(x, y, window = wins)",554351
"running_correlation(x, y, window = wins)",616988
"running_correlation(x, y, window = wins)",616320
"running_regression_slope(x, y, window = wins)",567282
"running_covariance(x, y, window = wins)",551150
"running_correlation(x, y, window = wins)",618457
"running_regression_diagnostics(x, y, window = wins)",1422249
"running_correlation(x, y, window = wins)",617816
"running_regression_diagnostics(x, y, window = wins)",1411567
"running_regression_slope(x, y, window = wins)",567642
"running_regression_slope(x, y, window = wins)",567331
"running_correlation(x, y, window = wins)",623944
"running_regression_slope(x, y, window = wins)",566963
"running_regression_slope(x, y, window = wins)",569786
"running_regression_diagnostics(x, y, window = wins)",1422748
"running_covariance(x, y, window = wins)",551823
"running_correlation(x, y, window = wins)",622534
"running_regression_slope(x, y, window = wins)",567070
"running_regression_slope(x, y, window = wins)",566364
"running_regression_slope(x, y, window = wins)",567255
"running_correlation(x, y, window = wins)",671736
"running_correlation(x, y, window = wins)",618780
"running_correlation(x, y, window = wins)",620500
"running_regression_diagnostics(x, y, window = wins)",1417151
"running_regression_diagnostics(x, y, window = wins)",1412457
"running_correlation(x, y, window = wins)",616869
"running_regression_diagnostics(x, y, window = wins)",1414493
"running_correlation(x, y, window = wins)",619128
"running_correlation(x, y, window = wins)",618256
"running_regression_diagnostics(x, y, window = wins)",1411955
"running_correlation(x, y, window = wins)",618166
"running_correlation(x, y, window = wins)",629214
"running_covariance(x, y, window = wins)",550736
"running_regression_slope(x, y, window = wins)",567931
"running_regression_diagnostics(x, y, window = wins)",1414709
"running_correlation(x, y, window = wins)",616814
"running_regression_slope(x, y, window = wins)",573615
"running_covariance(x, y, window = wins)",550939
"running_regression_diagnostics(x, y, window = wins)",1410927
"running_regression_diagnostics(x, y, window = wins)",1409966
"running_covariance(x, y, window = wins)",555185
"running_covariance(x, y, window = wins)",550063
"running_covariance(x, y, window = wins)",551018
"running_correlation(x, y, window = wins)",618377
"running_correlation(x, y, window = wins)",625568
"running_covariance(x, y, window = wins)",549686
"running_regression_slope(x, y, window = wins)",567496
"running_regression_diagnostics(x, y, window = wins)",1414667
"running_correlation(x, y, window = wins)",617396
"running_regression_slope(x, y, window = wins)",567057
"running_regression_slope(x, y, window = wins)",567256
"running_covariance(x, y, window = wins)",549905
"running_regression_slope(x, y, window = wins)",567845
"running_covariance(x, y, window = wins)",555520
"running_correlation(x, y, window = wins)",618945
"running_correlation(x, y, window = wins)",640624
"running_regression_diagnostics(x, y, window = wins)",1410729
"running_regression_diagnostics(x, y, window = wins)",1414693
"running_regression_slope(x, y, window = wins)",573217
"running_correlation(x, y, window = wins)",619490
"running_regression_diagnostics(x, y, window = wins)",1408791
"running_regression_diagnostics(x, y, window = wins)",1415906
"running_regression_slope(x, y, window = wins)",568855
"running_regression_diagnostics(x, y, window = wins)",1410190
"running_covariance(x, y, window = wins)",553388
"running_regression_slope(x, y, window = wins)",569275
"running_correlation(x, y, window = wins)",619582
"running_regression_diagnostics(x, y, window = wins)",1410479
"running_correlation(x, y, window = wins)",618250
"running_regression_slope(x, y, window = wins)",567603
"running_regression_diagnostics(x, y, window = wins)",1413743
"running_regression_slope(x, y, window = wins)",567921
"running_correlation(x, y, window = wins)",617197
"running_covariance(x, y, window = wins)",551591
"running_regression_slope(x, y, window = wins)",566903
"running_covariance(x, y, window = wins)",553081
"running_covariance(x, y, window = wins)",550108
"running_regression_diagnostics(x, y, window = wins)",1421907
"running_covariance(x, y, window = wins)",553491
"running_regression_diagnostics(x, y, window = wins)",1409526
"running_regression_diagnostics(x, y, window = wins)",1416361
"running_covariance(x, y, window = wins)",550487
"running_regression_slope(x, y, window = wins)",572456
"running_covariance(x, y, window = wins)",549462
"running_regression_slope(x, y, window = wins)",566558
"running_regression_diagnostics(x, y, window = wins)",1413176
"running_regression_slope(x, y, window = wins)",568246
"running_regression_slope(x, y, window = wins)",576882
"running_regression_slope(x, y, window = wins)",566141
"running_regression_slope(x, y, window = wins)",568262
"running_regression_diagnostics(x, y, window = wins)",1408886
"running_correlation(x, y, window = wins)",623774
"running_regression_diagnostics(x, y, window = wins)",1412366
"running_regression_diagnostics(x, y, window = wins)",1436950
"running_regression_diagnostics(x, y, window = wins)",1421362
"running_correlation(x, y, window = wins)",618083
"running_covariance(x, y, window = wins)",549134
"running_regression_slope(x, y, window = wins)",567098
"running_regression_diagnostics(x, y, window = wins)",1409101
"running_covariance(x, y, window = wins)",555303
"running_covariance(x, y, window = wins)",549483
"running_correlation(x, y, window = wins)",618474
"running_covariance(x, y, window = wins)",552879
"running_regression_diagnostics(x, y, window = wins)",1409680
"running_correlation(x, y, window = wins)",621787
"running_covariance(x, y, window = wins)",549502
"running_covariance(x, y, window = wins)",550025
"running_correlation(x, y, window = wins)",616747
"running_correlation(x, y, window = wins)",617450
"running_correlation(x, y, window = wins)",617726
"running_regression_diagnostics(x, y, window = wins)",1416337
"running_regression_slope(x, y, window = wins)",611020
"running_correlation(x, y, window = wins)",629601
"running_regression_diagnostics(x, y, window = wins)",1422025
"running_covariance(x, y, window = wins)",551793
"running_regression_slope(x, y, window = wins)",595729
"running_covariance(x, y, window = wins)",551358
"running_regression_slope(x, y, window = wins)",567437
"running_regression_diagnostics(x, y, window = wins)",1413368
"running_correlation(x, y, window = wins)",618543
"running_correlation(x, y, window = wins)",626244
"running_regression_slope(x, y, window = wins)",566492
"running_covariance(x, y, window = wins)",551996
"running_covariance(x, y, window = wins)",549329
"running_regression_diagnostics(x, y, window = wins)",1410221
"running_covariance(x, y, window = wins)",551753
"running_regression_slope(x, y, window = wins)",569335
"running_regression_slope(x, y, window = wins)",567132
"running_regression_diagnostics(x, y, window = wins)",1408976
"running_correlation(x, y, window = wins)",618433
"running_correlation(x, y, window = wins)",616541
"running_regression_diagnostics(x, y, window = wins)",1412908
"running_covariance(x, y, window = wins)",550929
"running_correlation(x, y, window = wins)",616036
"running_regression_slope(x, y, window = wins)",567352
"running_correlation(x, y, window = wins)",617132
"running_regression_diagnostics(x, y, window = wins)",1420731
"running_correlation(x, y, window = wins)",618365
"running_regression_slope(x, y, window = wins)",568936
"running_covariance(x, y, window = wins)",549537
"running_covariance(x, y, window = wins)",549331
"running_correlation(x, y, window = wins)",619233
"running_covariance(x, y, window = wins)",552953
"running_correlation(x, y, window = wins)",618008
"running_regression_slope(x, y, window = wins)",574731
"running_regression_diagnostics(x, y, window = wins)",1410378
"running_regression_slope(x, y, window = wins)",569991
"running_regression_diagnostics(x, y, window = wins)",1427326
"running_regression_diagnostics(x, y, window = wins)",1407708
"running_regression_slope(x, y, window = wins)",603063
"running_regression_diagnostics(x, y, window = wins)",1417868
"running_correlation(x, y, window = wins)",618329
"running_correlation(x, y, window = wins)",616778
"running_regression_slope(x, y, window = wins)",566776
"running_regression_slope(x, y, window = wins)",567218
"running_correlation(x, y, window = wins)",617127
"running_regression_slope(x, y, window = wins)",567310
"running_regression_diagnostics(x, y, window = wins)",1414193
"running_regression_diagnostics(x, y, window = wins)",1413805
"running_regression_diagnostics(x, y, window = wins)",1427955
"running_covariance(x, y, window = wins)",551889
"running_regression_diagnostics(x, y, window = wins)",1417350
"running_correlation(x, y, window = wins)",617976
"running_regression_slope(x, y, window = wins)",566918
"running_correlation(x, y, window = wins)",616080
"running_covariance(x, y, window = wins)",565244
"running_correlation(x, y, window = wins)",618461
"running_covariance(x, y, window = wins)",549888
"running_covariance(x, y, window = wins)",550953
"running_regression_diagnostics(x, y, window = wins)",1411175
"running_regression_diagnostics(x, y, window = wins)",1452804
"running_regression_slope(x, y, window = wins)",568589
"running_regression_diagnostics(x, y, window = wins)",1417710
"running_correlation(x, y, window = wins)",619003
"running_regression_diagnostics(x, y, window = wins)",1423493
"running_regression_diagnostics(x, y, window = wins)",1413921
"running_regression_diagnostics(x, y, window = wins)",1409184
"running_regression_diagnostics(x, y, window = wins)",1419887
"running_regression_slope(x, y, window = wins)",567981
"running_correlation(x, y, window = wins)",617863
"running_regression_slope(x, y, window = wins)",566579
"running_correlation(x, y, window = wins)",620501
"running_regression_slope(x, y, window = wins)",571103
"running_regression_slope(x, y, window = wins)",566266
"running_regression_slope(x, y, window = wins)",567041
"running_regression_slope(x, y, window = wins)",567065
"running_correlation(x, y, window = wins)",617075
"running_regression_diagnostics(x, y, window = wins)",1421113
"running_covariance(x, y, window = wins)",556595
"running_regression_diagnostics(x, y, window = wins)",1426988
"running_covariance(x, y, window = wins)",551611
"running_regression_diagnostics(x, y, window = wins)",1468710
"running_correlation(x, y, window = wins)",628536
"running_covariance(x, y, window = wins)",548908
"running_covariance(x, y, window = wins)",556501
"running_covariance(x, y, window = wins)",552681
"running_covariance(x, y, window = wins)",552406
"running_correlation(x, y, window = wins)",620632
"running_correlation(x, y, window = wins)",621888
"running_covariance(x, y, window = wins)",551302
"running_covariance(x, y, window = wins)",552482
"running_covariance(x, y, window = wins)",551166
"running_regression_slope(x, y, window = wins)",570692
"running_correlation(x, y, window = wins)",618359
"running_covariance(x, y, window = wins)",551620
"running_regression_slope(x, y, window = wins)",569568
"running_regression_slope(x, y, window = wins)",570889
"running_covariance(x, y, window = wins)",554385
"running_covariance(x, y, window = wins)",551442
"running_regression_diagnostics(x, y, window = wins)",1496383
"running_covariance(x, y, window = wins)",552718
"running_regression_slope(x, y, window = wins)",580389
"running_regression_diagnostics(x, y, window = wins)",1489777
"running_regression_slope(x, y, window = wins)",570562
"running_correlation(x, y, window = wins)",618357
"running_regression_slope(x, y, window = wins)",570670
"running_covariance(x, y, window = wins)",555606
"running_covariance(x, y, window = wins)",552372
"running_regression_slope(x, y, window = wins)",570783
"running_regression_diagnostics(x, y, window = wins)",1507922
"running_regression_diagnostics(x, y, window = wins)",1505838
"running_covariance(x, y, window = wins)",553893
"running_correlation(x, y, window = wins)",619021
"running_regression_slope(x, y, window = wins)",571219
"running_covariance(x, y, window = wins)",551704
"running_correlation(x, y, window = wins)",618048
"running_covariance(x, y, window = wins)",554182
"running_covariance(x, y, window = wins)",555781
"running_regression_slope(x, y, window = wins)",612194
"running_regression_diagnostics(x, y, window = wins)",1486013
"running_covariance(x, y, window = wins)",608148
"running_correlation(x, y, window = wins)",624628
"running_covariance(x, y, window = wins)",553003
"running_regression_slope(x, y, window = wins)",569353
"running_correlation(x, y, window = wins)",619235
"running_regression_diagnostics(x, y, window = wins)",1484587
"running_regression_diagnostics(x, y, window = wins)",1488927
"running_regression_slope(x, y, window = wins)",568893
"running_regression_slope(x, y, window = wins)",569573
"running_correlation(x, y, window = wins)",618803
"running_covariance(x, y, window = wins)",559701
"running_correlation(x, y, window = wins)",618852
"running_regression_slope(x, y, window = wins)",568157
"running_covariance(x, y, window = wins)",556384
"running_regression_slope(x, y, window = wins)",569648
"running_regression_diagnostics(x, y, window = wins)",1494229
"running_covariance(x, y, window = wins)",552080
"running_regression_slope(x, y, window = wins)",569615
"running_covariance(x, y, window = wins)",554583
"running_regression_diagnostics(x, y, window = wins)",1497606
"running_regression_diagnostics(x, y, window = wins)",1484526
"running_regression_slope(x, y, window = wins)",570161
"running_regression_diagnostics(x, y, window = wins)",1487864
"running_regression_diagnostics(x, y, window = wins)",1486888
"running_regression_diagnostics(x, y, window = wins)",1500532
"running_correlation(x, y, window = wins)",623432
"running_correlation(x, y, window = wins)",619210
"running_correlation(x, y, window = wins)",619699
"running_regression_diagnostics(x, y, window = wins)",1491984
"running_correlation(x, y, window = wins)",625596
"running_regression_slope(x, y, window = wins)",568941
"running_correlation(x, y, window = wins)",617666
"running_regression_slope(x, y, window = wins)",569802
"running_covariance(x, y, window = wins)",551439
"running_correlation(x, y, window = wins)",619290
"running_regression_slope(x, y, window = wins)",567844
"running_regression_slope(x, y, window = wins)",570211
"running_covariance(x, y, window = wins)",552713
"running_regression_slope(x, y, window = wins)",568245
"running_regression_slope(x, y, window = wins)",568160
"running_covariance(x, y, window = wins)",553129
"running_regression_slope(x, y, window = wins)",573274
"running_regression_diagnostics(x, y, window = wins)",1489357
"running_covariance(x, y, window = wins)",551383
"running_regression_slope(x, y, window = wins)",569332
"running_regression_diagnostics(x, y, window = wins)",1500020
"running_correlation(x, y, window = wins)",633476
"running_covariance(x, y, window = wins)",609163
"running_regression_slope(x, y, window = wins)",575160
"running_correlation(x, y, window = wins)",619166
"running_regression_diagnostics(x, y, window = wins)",1492355
"running_covariance(x, y, window = wins)",552109
"running_correlation(x, y, window = wins)",624215
"running_regression_slope(x, y, window = wins)",567631
"running_correlation(x, y, window = wins)",620187
"running_correlation(x, y, window = wins)",618692
"running_covariance(x, y, window = wins)",552154
"running_covariance(x, y, window = wins)",553192
"running_regression_slope(x, y, window = wins)",568321
"running_regression_diagnostics(x, y, window = wins)",1493235
"running_regression_slope(x, y, window = wins)",568510
"running_regression_slope(x, y, window = wins)",569995
"running_covariance(x, y, window = wins)",551471
"running_covariance(x, y, window = wins)",551772
"running_correlation(x, y, window = wins)",623513
"running_covariance(x, y, window = wins)",552330
"running_regression_diagnostics(x, y, window = wins)",1488818
"running_covariance(x, y, window = wins)",552230
"running_regression_diagnostics(x, y, window = wins)",1499160
"running_covariance(x, y, window = wins)",553473
"running_regression_diagnostics(x, y, window = wins)",1489225
"running_regression_diagnostics(x, y, window = wins)",1481888
"running_regression_diagnostics(x, y, window = wins)",1486623
"running_regression_diagnostics(x, y, window = wins)",1486250
"running_correlation(x, y, window = wins)",620053
"running_regression_slope(x, y, window = wins)",572645
"running_regression_slope(x, y, window = wins)",571309
"running_regression_diagnostics(x, y, window = wins)",1486721
"running_covariance(x, y, window = wins)",550992
"running_regression_slope(x, y, window = wins)",568817
"running_regression_diagnostics(x, y, window = wins)",1495300
"running_regression_diagnostics(x, y, window = wins)",1578362
"running_regression_slope(x, y, window = wins)",574509
"running_regression_slope(x, y, window = wins)",574085
"running_regression_slope(x, y, window = wins)",603691
"running_regression_diagnostics(x, y, window = wins)",1488873
"running_correlation(x, y, window = wins)",622152
"running_regression_diagnostics(x, y, window = wins)",1483146
"running_regression_slope(x, y, window = wins)",571267
"running_regression_slope(x, y, window = wins)",567815
"running_correlation(x, y, window = wins)",619883
"running_regression_slope(x, y, window = wins)",567459
"running_covariance(x, y, window = wins)",551936
"running_covariance(x, y, window = wins)",562536
"running_regression_slope(x, y, window = wins)",569855
"running_correlation(x, y, window = wins)",625860
"running_correlation(x, y, window = wins)",619205
"running_covariance(x, y, window = wins)",552855
"running_correlation(x, y, window = wins)",619737
"running_covariance(x, y, window = wins)",550512
"running_covariance(x, y, window = wins)",550798
"running_regression_diagnostics(x, y, window = wins)",1490110
"running_covariance(x, y, window = wins)",553451
"running_correlation(x, y, window = wins)",617957
"running_correlation(x, y, window = wins)",616929
"running_correlation(x, y, window = wins)",619393
"running_regression_diagnostics(x, y, window = wins)",1490791
"running_regression_slope(x, y, window = wins)",568504
"running_regression_slope(x, y, window = wins)",567936
"running_covariance(x, y, window = wins)",552428
"running_correlation(x, y, window = wins)",617724
"running_correlation(x, y, window = wins)",618748
"running_regression_diagnostics(x, y, window = wins)",1493450
"running_regression_diagnostics(x, y, window = wins)",1494401
"running_covariance(x, y, window = wins)",553664
"running_regression_slope(x, y, window = wins)",575450
"running_regression_slope(x, y, window = wins)",568205
"running_regression_slope(x, y, window = wins)",575374
"running_regression_diagnostics(x, y, window = wins)",1491723
"running_correlation(x, y, window = wins)",619159
"running_regression_slope(x, y, window = wins)",567739
"running_regression_slope(x, y, window = wins)",569821
"running_correlation(x, y, window = wins)",621433
"running_regression_diagnostics(x, y, window = wins)",1483843
"running_covariance(x, y, window = wins)",552541
"running_covariance(x, y, window = wins)",551772
"running_regression_diagnostics(x, y, window = wins)",1490947
"running_covariance(x, y, window = wins)",554202
"running_regression_diagnostics(x, y, window = wins)",1486300
"running_correlation(x, y, window = wins)",619882
"running_regression_diagnostics(x, y, window = wins)",1487406
"running_covariance(x, y, window = wins)",547278
"running_covariance(x, y, window = wins)",556000
"running_covariance(x, y, window = wins)",550351
"running_regression_diagnostics(x, y, window = wins)",1485799
"running_covariance(x, y, window = wins)",554926
"running_correlation(x, y, window = wins)",619020
"running_covariance(x, y, window = wins)",550305
"running_correlation(x, y, window = wins)",618574
"running_regression_diagnostics(x, y, window = wins)",1482182
"running_covariance(x, y, window = wins)",555091
